"State","Abbrev","Utility / Administrator","Type","Commercial Program","Application Method","Trade Ally Required","Pre-Approval Required","M&V Requirements","Custom Incentive Rate","Prescriptive HVAC Measures","Payment Timeline","Budget Cycle","URLs"
"Alaska","AK","Chugach Electric Association (Anchorage)","co-op",,"Contact utility Energy Specialist by phone/email (save_energy@chugachelectric.com); no rebate portal exists","unknown","unknown",,,,,,"https://www.chugachelectric.com/energy-solutions/save-energy | https://www.chugachelectric.com/energy-solutions/beneficial-electrification"
"Alaska","AK","Golden Valley Electric Association (Fairbanks)","co-op","Business $ense (commercial lighting retrofit rebate)","Submit an Energy Efficient Lighting Proposal to GVEA for review; GVEA pre-inspects, offers a contract if funds available, post-inspects, then pays","yes","yes","Pre-project and post-project site inspections by GVEA; no metered M&V pathway published","Up to $1,000/kW reduced or 50% of project cost, capped at $20,000 per project (lighting only)",,"Rebate issued after post-inspection confirms contract fulfilled","Contingent on 'program monies available' - discretionary, no published annual budget","https://www.gvea.com/services/reduce/ | https://www.gvea.com/news-releases/gveas-new-reduce-program/"
"Alaska","AK","Matanuska Electric Association (Mat-Su)","co-op",,,"unknown","unknown",,,,,,"https://www.mea.coop/innovation/energy-efficiency | https://www.mea.coop/innovation/member-programs"
"Alaska","AK","Alaska Electric Light & Power (Juneau)","IOU",,,"unknown","unknown",,,,,,"https://www.aelp.com/ | https://jedc.org/srec/provider/alaska-electric-light-power-aelp/"
"Alaska","AK","Alaska Energy Authority / AHFC (statewide)","statewide administrator","Commercial Building Energy Audit (CBEA) program - audit rebates, not measure rebates; federal USDA REAP grants (25% of eligible upgrade cost for rural for-profit buildings) are the main commercial funding channel","AEA application / federal USDA REAP grant application; AHFC residential rebates via AlaskaHousingEnergy.us","unknown","yes","REAP-eligible upgrades must be identified by a qualified energy auditor's audit; no utility-style pre/post metering protocol published",,,,"CBEA historically grant-funded (230+ buildings since 2011); current funding status unclear. IRA residential funds $74.6M allocated, not yet deployed","https://www.akenergyauthority.org/What-We-Do/Renewable-Energy-and-Energy-Efficiency/Energy-Efficiency-Conservation/Commercial-Building-Energy-Audit-Program | https://www.ahfc.us/efficiency/programs-for-homeowners/alaska-residential-energy-rebates"
"Alabama","AL","Alabama Power (Southern Company)","IOU","Offers for Business Customers (electrification rebates only - no commercial energy-efficiency rebate program found)","Online forms on alabamapower.com; contact company for business offers","unknown","unknown",,,,,"Offers described as temporary and subject to discontinuation; no published program year","https://www.alabamapower.com/business/save-money-and-energy/offers-for-business-customers.html | https://www.alabamapower.com/residential/save-money-and-energy/rebates-and-incentives.html"
"Alabama","AL","TVA EnergyRight (serves North Alabama via ~40 local power companies)","statewide administrator","TVA EnergyRight Business & Industry Incentives","Online Application (TVA B&I online application; contractor from Preferred Partners Network typically assists); apply up to 6 months after install for standard HVAC","recommended","above_threshold","Pre- and/or post-inspections may be required for custom projects; metering duration not published in the July 2025 Incentive Rules and Guidelines","$0.18/kWh on first-year energy savings; capped at 70% of material cost; $3,000,000 max per company per TVA fiscal year; $1,500 minimum custom incentive","Unitary A/C & heat pumps $80/ton (like-for-like) to $175/ton (advanced tier); air-cooled chillers $200/ton; VRF and dual-fuel HP $250/ton; GSHP $1,000/ton; VSDs $100/hp; smart thermostat rewards for small business; no advanced RTU controls prescriptive measure listed","Not published; paid by check or bill credit (bill-credit option where LPC participates for incentives >= $12,000)","TVA fiscal year October-September; incentives subject to TVA/LPC approval and available funding; 730-day max install window after Application Approval Notice","https://energyright.com/business-industry/incentives/ | https://energyright.com/business-industry/incentives/hvac/ | https://energyright.com/business-industry/incentives/applying-for-incentives/ | https://energyright.com/wp-content/uploads/2025/07/FAQs-Incentive-Rules-and-Guidelines_July-2025-1.pdf"
"Alabama","AL","Huntsville Utilities","muni","TVA EnergyRight for Commercial Business (pass-through of TVA B&I incentives: HVAC, LED lighting, forklifts, UVGI, indoor agriculture)","TVA B&I online application; local contact com_ind@hsvutil.org / 256-535-1317","recommended","above_threshold","Follows TVA B&I rules; not separately published","Follows TVA custom: $0.18/kWh first-year savings, 70% of material cost cap","TVA prescriptive HVAC ($80-$1,000/ton by equipment type)",,"TVA fiscal year October-September","https://www.hsvutil.org/business__commercial_services_/business_incentive_programs.php"
"Alabama","AL","PowerSouth Energy Cooperative (G&T for 16 south-Alabama distribution co-ops)","G&T",,,"unknown","unknown",,,,,,"https://www.powersouth.com/a-win-win-for-saving-energy-and-money/"
"Arkansas","AR","Entergy Arkansas (Entergy Solutions, implemented by CLEAResult)","IOU","Large Commercial & Industrial Program (>100 kW) and Small Business Program (<100 kW); also Commercial Point of Purchase Solutions (midstream), CitySmart, Agricultural Energy Solutions","Trade ally submits proposal/project application to CLEAResult (participation agreement + project application by email/electronic auditing tools; no self-serve public portal); Point of Purchase is midstream via distributors","yes","yes","Deemed savings measures require no M&V. Custom measures use IPMVP Options A/B/C/D chosen by the implementer (data logging for A/B; Option C requires at least a year of billing/sub-meter data; Option D calibrated simulation). Specific metering duration (7-day/30-day) not stated in the 2026 manual. Custom incentive paid in part up front, remainder after final M&V report.","Large C&I tiered rate: $0.16/kWh (1 measure), $0.17 (2), $0.18 (3), $0.20/kWh (4+ measures, each measure must be >=30,000 kWh for tier credit), capped at up to 100% of cost; Mission-Based (501c3) $0.25/kWh; no participant may take >50% of annual program incentive budget (waivable after Aug 1). Agricultural custom: $0.19/kWh up to 100% of product cost.","Small Business: HVAC replacement $0.20/kWh (ENERGY STAR split/package AC & HP), CoolSaver AC tune-up, RCx-Lite; Large C&I eligible categories include Comfort Cooling HVAC/Chiller Replacement, CoolSaver AC tune-up, chiller tune-up, Commercial Wi-Fi Thermostats, BAS/retro-commissioning, VFDs. Advanced RTU controllers not explicitly listed.","Small Business rebates paid within 30 days of complete documentation (instant rebate to customer, check to trade ally within 30 business days). Large C&I deemed measures paid 100% after post-inspection approval; custom remainder paid after M&V completion. Paid by check; assignable to trade ally via Letter of Incentive Reassignment.","Calendar program year (2026 manuals published mid-2025). If oversubscribed, waiting list in order received; waitlisted projects roll to next program year; tier credits carry across years.","https://www.entergyarkansas.com/wp-content/uploads/2025/06/CI_Custom_Program_Manual.pdf | https://www.entergyarkansas.com/wp-content/uploads/2025/06/Small_Business_Program_Manual.pdf | https://www.entergyarkansas.com/energyefficiency/business/large-commercial"
"Arkansas","AR","SWEPCO (AEP Southwestern Electric Power, implemented by CLEAResult)","IOU","Arkansas Commercial & Industrial Energy Efficiency Pathway (existing buildings >100 kW peak demand and new construction); CoolSaver A/C tune-ups; midstream HVAC incentives","SWEPCO Commercial Project Portal (submit project details to an Energy Advisor); info@swepcosavings.com; CoolSaver via authorized contractor","yes","unknown","Incentives based on verified electric energy savings; post-installation inspection required; 'final incentive amount is based on verified kWh savings achieved'. Metering duration not stated on fetched pages.",,"Prescriptive rebates for lighting, HVAC and air compressor upgrades; CoolSaver A/C tune-ups (up to ~30% efficiency improvement claim); midstream incentives for heat pumps and air conditioners. Specific commercial $/kWh rates not published on fetched pages.","Incentive check mailed within 4-6 weeks of project verification",,"https://swepcosolutions.com/programs/business-programs/arkansas-commercial-and-industrial-energy-efficiency-pathway/ | https://swepcosavings.com/downloads/2025/REIP_Incentive_Table_2025.pdf"
"Arkansas","AR","OG&E (Oklahoma Gas & Electric - Arkansas territory, Fort Smith area; implemented by CLEAResult)","IOU","Business (Commercial & Industrial) Energy Efficiency Program - Arkansas","Through approved trade ally contractors with CLEAResult pre-inspection; project application PDF (Arkansas EE Project Application); trade allies join via BusinessEE@oge.com","yes","yes","CLEAResult pre-inspection verifies existing conditions/equipment before project; post-project documentation submitted to OG&E. Custom M&V metering duration not documented on fetched pages.","Up to 90% of project cost covered for energy-efficient upgrades including assessments and installation (per OG&E business EE program pages)","LED lighting, refrigeration heater controls, point-of-sale discounts on efficient products; detailed HVAC prescriptive list not retrievable (oge.com returned 403)","Incentive payment within 2-4 weeks after final project documentation submitted","Annual trade ally list (e.g., '2025 Trade Ally list')","https://www.oge.com/web/portal/label_ord/energy-solutions/efficiency-programs/commercial-industrial-energy-efficiency | https://www.clearesult.com/utility/oge/14063_AR"
"Arkansas","AR","Liberty Utilities (Empire District Electric - Arkansas)","IOU","Arkansas Electric Commercial & Industrial Program (Prescriptive Rebate Program + Custom Rebate Program)","PDF forms - download and submit Lighting Inventory and Lighting and Prescriptive Workbook; custom applications reviewed for pre-approval","unknown","yes","Custom projects must pass Total Resource Cost Test >= 1.0 and have incremental payback exceeding two years; metering duration not stated","Rates not published; combined cap of $20,000 total incentive per facility per program year across prescriptive + custom","Pre-approved categories include high-efficiency air conditioning, heating systems, energy management systems, motors, refrigeration, lighting",,"Program year basis (annual $20k/facility cap)","https://central.libertyutilities.com/all/residential/ways-to-save/arkansas-electric-commercial-industrial-program.html"
"Arizona","AZ","Arizona Public Service (APS)","IOU","APS Solutions for Business (S4B), implemented by DNV","Online application portal (apsapplynow.com / aps.com/businessrebates); Standard rebates = install then submit Final Application; Custom/ARC/EMS/chiller = Pre-Application first","recommended","above_threshold","Custom projects: customer documents estimated kWh and kW savings for annual and summer on-peak (3-8 p.m. weekdays, Jun 1-Sep 30) periods; S4B team develops methodology with customer and verifies savings after installation; must pass ACC Societal Cost Test; APS reserves right to pre/post inspection, metering, data collection and utility bill analysis. No fixed metering duration stated in the July 2026 Policies & Procedures.","Lower of: annual kWh saved x $0.02/kWh + summer on-peak kWh saved x $0.18/kWh, OR 75% of implementation cost (Custom retrofit cap 75% of incremental cost; ARC program 100% of incremental cost)","Standard rebate list includes HVAC equipment, energy management systems, shade screens and building tune-up measures (set rebate levels per spec sheets); dedicated Advanced Rooftop Controls (ARC) program exists with pre-application requirement, currently described as a pilot for schools and nonprofits","Not stated as a fixed number of days; rebate paid after Final Application approval 'and funding is available'; can be assigned to contractor via LOA/third-party form. Final Application due within 6 months of completion and by Nov 15 for the program year.","Annual ACC-approved DSMAC budget; waitlist created when Final Applications total the annual budget. As of July 2026 aps.com states 'Funding for Existing Facilities rebates has been fully allocated and is currently unavailable' (waitlist), with funding remaining for ARC and School rebates.","https://webtools.dnv.com/projects/Portals/15/APS_S4B_Policies_Procedures.pdf | https://www.aps.com/en/Business/Save-Money-and-Energy/Business-Solutions | https://apsapplynow.com/"
"Arizona","AZ","Salt River Project (SRP)","muni","SRP Standard Business Solutions / Custom Business Solutions","Online at savewithsrpbiz.com; Standard = submit application with dated invoices after install; Custom = preliminary/technical assessment then equipment rebate application with written preapproval before purchase","no","above_threshold","Custom: 'energy use be verified before and after installation to ensure that savings were achieved'; savings determined per-project; must show savings during SRP's afternoon summer peak. Preapproval required before initiating any retrofit project (new construction / end-of-useful-life replacement may proceed at risk). Metering duration not stated. Assessments performed by SRP Qualified Service Providers (QSPs).","FY26 fact sheet: $0.08/kWh first-year electricity savings + $300 per average peak kW saved, up to 75% of incremental custom cost; SRP's current custom web page cites $0.11/kWh first-year savings up to 75% (likely FY27 rate - verify)","FY27 (May 1, 2026-Apr 30, 2027) Standard catalog: Advanced Rooftop Controls $250/ton; unitary heat pumps $110-$135/ton; plus smart thermostats, unitary AC, economizers, EMS, VFDs, VRF, chillers per equipment catalog",,"Program year May 1-April 30; first-come, first-served; caps of $450,000 per customer across all SRP programs and $300,000 for Energy Efficiency programs per year","https://www.srpnet.com/assets/srpnet/pdf/energy-savings-rebates/business/rebates/all-standard-fact-sheet.pdf | https://www.srpnet.com/assets/srpnet/pdf/energy-savings-rebates/business/rebates/Bus%20Sol_Custom_Factsheet_FY26.pdf | https://www.srpnet.com/energy-savings-rebates/business/rebates/custom"
"Arizona","AZ","Tucson Electric Power (TEP)","IOU","Business Energy Solutions (Commercial Program + Custom Program), administered by Franklin Energy","Trade-ally-driven: TEP-approved Commercial Trade Ally identifies measures and rebate is deducted from project cost; pre-approval application then Final Application (PDF workbook/application submitted to program)","yes","yes","Custom incentives based on kWh savings achieved; pre-approval application with supporting documentation reviewed for eligibility, funding reservation letter issued; metering duration not stated on public pages","Custom incentives based on $/kWh savings achieved, capped at 50% of incremental cost on custom measures (prescriptive capped at 75% of incremental cost); above $600,000 per premise per year, incentives paid at 50% of normal rate; exact $/kWh rate not published on fetched pages","$15-40 per ton on AC units and heat pumps; $0.40-0.50 per sq ft on HVAC EMS systems; $100/hp VSD air compressors; up to $215 per LED fixture","Incentive check within 6 weeks of Final Application approval (custom page: rebates processed within 4-6 weeks after all documentation received); Final Application due within 60 days of project completion","Calendar program year (2025 application; final apps by Dec 1 deadline in prior year cycle); 'funding is limited' - first-come basis","https://www.tep.com/business-energy-solutions/commercial-program/ | https://www.tep.com/business-energy-solutions/commercial-program/program-process/ | https://www.tep.com/business-energy-solutions/custom-program/"
"Arizona","AZ","UniSource Energy Services (UNS Electric)","IOU","Business Energy Solutions (Commercial + Custom Programs) - mirrors sister-company TEP's design","UniSource-approved Commercial Trade Ally submits; rebate deducted from project cost; custom program uses application to program administrator","yes","unknown",,,"Rebates for lighting, refrigeration, controls and HVAC systems (commercial electric and gas); specific $/ton not captured from fetched pages",,,"https://www.uesaz.com/business-energy-solutions/ | https://www.uesaz.com/business-energy-solutions/custom-program/"
"California","CA","Pacific Gas & Electric (PG&E)","IOU","Business Energy Efficiency Rebates (deemed catalog) + Calculated Incentives (custom/NMEC)","Online portal (energyinsight.pge.com/eRebateApplication) for deemed rebates; Calculated Incentives requires prequalification with PG&E before purchase/installation (pge.com/customized)","no","above_threshold","Calculated Incentives offers a whole-building normalized metered energy consumption (NMEC) pathway; specific pre/post metering durations not stated in fetched documents. Workforce standard: for non-residential HVAC measures over $3,000, each technician must document HVAC qualification (accredited apprenticeship, 5-yr journey-level + competency test, or C-20 license).","Calculated Incentive rates: $75/kW + $0.06/kWh + $0.50/therm (to code/standard practice); $150/kW + $0.12/kWh + $1.25/therm (above code); $200/kW + $0.12/kWh + $1.75/therm (whole-building NMEC); +$0.06/kWh adder if paired with AutoDR (Custom Retrofit Program Catalog; note catalog dated Jan 2020 - verify current rates)","Advanced Rooftop HVAC Controls (deemed, per-ton, rate table not extracted); Demand Controlled Ventilation $40/ton (max $300); Enhanced Ventilation Control $80/ton (max $1,200), EVC+VFD+NEMA motor $120/ton (max $1,800), EVC+VFD+PM motor $130/ton (max $1,950); VFD for HVAC fan $80/hp (Oct 2025 Business Rebate Catalog, measure codes SWHC006G/H/I)",,"CPUC-administered ratepayer-funded EE portfolio; deemed rebates must be submitted within 60 days of purchase/install","https://www.pge.com/assets/pge/docs/save-energy-and-money/rebate-and-incentives/business-rebate-catalog.pdf | https://www.pge.com/content/dam/pge/docs/save-energy-and-money/rebate-and-incentives/custom-retrofit-catalog.pdf | https://www.pge.com/en/save-energy-and-money/rebates-and-incentives/business-energy-efficiency-rebates.html"
"California","CA","Southern California Edison (SCE)","IOU","Third-party delivered portfolio: SCE Rapid Rebates (implemented by Willdan), HVAC Optimization Program, Comfortably CA (statewide midstream), CREST refrigeration","Trade-ally submits: contractors submit projects through Willdan for Rapid Rebates; rebate reserved on approval. Midstream (Comfortably CA) flows through participating HVAC distributors as instant discounts.","yes","yes","Rapid Rebates equipment must meet California electronic Technical Reference Manual (eTRM) standards; custom M&V terms not found in fetched pages",,"Rapid Rebates: packaged/split gas-to-heat-pump conversion $400-$925/ton (<65 kBTU/hr) down to $550-$775/ton (240-760 kBTU/hr); VFD on single-speed packaged HVAC supply fans $75-$225/ton; SRM motors $425-$690/hp. Advanced rooftop unit controls NOT listed in Rapid Rebates measure list.","Rebate paid after SCE approval of completed project; duration not specified","~$25,000,000 estimated remaining Rapid Rebates funds for 2026; first-come first-served; may be modified or terminated without notice; projects must complete in 2026","https://willdanefficiency.com/rebates | https://www.sce.com/partners/3rd-party-energy-providers | https://www.sce.com/business/smart-energy-solar/energy-efficiency-programs"
"California","CA","San Diego Gas & Electric (SDG&E)","IOU","Restructured to third-party programs: Small Commercial program and Large Commercial Comprehensive Energy Management Systems; SD Energy Edge (performance-based); Comfortably CA midstream HVAC","Varies by third-party implementer; legacy prescriptive was online rebate form; midstream HVAC via participating distributors (Comfortably CA)","unknown","unknown","SD Energy Edge is performance-based (incentives on verified savings); metering durations not found in fetched pages",,"High-efficiency unitary AC/HP available midstream via Comfortably CA (instant discount through distributors); specific $/ton rates not found in fetched pages",,,"https://www.sdge.com/businesses/savings-center/rebates-incentives | https://sdenergyedge.com/rebates/ | https://www.comfortablyca.com/sdge/contractors/"
"California","CA","Sacramento Municipal Utility District (SMUD)","muni","Complete Energy Solutions (one-stop, covers up to 80% of project costs); Custom Retrofit (large/complex projects, paid on energy saved); Integrated Design Solutions (new construction)","Advisor-assisted: free energy assessment through Complete Energy Solutions (1-844-529-4084) or Strategic Account Advisor for Custom Retrofit; no self-serve portal identified for commercial custom","unknown","unknown","Custom Retrofit incentives 'paid based on the amount of energy you save' - metering/M&V duration not published on fetched pages","Complete Energy Solutions covers up to 80% of project costs (smud.org business rebates page); $/kWh rate not published","HVAC equipment eligible under Complete Energy Solutions; commercial heat pump ('Go Electric') business rebates exist; specific $/ton values not confirmed from SMUD's own pages",,,"https://www.smud.org/Business-Solutions-and-Rebates/Business-Rebates"
"California","CA","Los Angeles Department of Water & Power (LADWP)","muni","Business Offerings for Sustainable Solutions (BOSS) - express prescriptive + custom calculated; Zero By Design (new construction)","Program-specific application via ladwp.com/boss (site blocks automated access; exact portal mechanics unverified)","unknown","unknown",,"BOSS Custom Calculated: $0.65/kWh for Heat Pump HVAC - Heating and Heat Pump Water Heater end uses (LADWP Summary Sheet, 10/2025); rates for cooling/ventilation end uses not shown in that sheet","BOSS Express: Packaged Heat Pump Air Conditioner $300-$600/ton; HPWH $1,800-$2,850/each (LADWP Summary Sheet 10/2025). Advanced RTU controls not listed; BOSS covers VFDs and retrocommissioning under custom.",,,"https://dbs.lacity.gov/sites/default/files/efs/pdf/publications/LADWP_Programs_with_Electrification_Measures.pdf"
"Colorado","CO","Xcel Energy (Public Service Co. of Colorado)","IOU","Business Programs: Custom Efficiency, Energy Management Systems, HVAC-R (Cooling/Heating/Motors/Refrigeration Efficiency), Self Direct, Strategic Energy Management","Online application / account manager through Business Solutions Center (855-839-8862); prescriptive HVAC-R rebates do not require preapproval, custom programs apply via preapproval application","no","above_threshold","Custom Efficiency preapproval with estimated savings; approval letter states rebate amount. Self Direct (>2 MW peak / >10 GWh) customer performs own design, engineering, measurement, verification and reporting. Metering duration not stated in fetched documents.","Custom Efficiency: up to $500 per kW saved for system peak savings + up to $100 per kW additional when non-peak savings exceed peak; $4/Dth gas. Energy Management Systems (controls): typically $400/kW, up to $700/kW peak + up to $0.035 per annual kWh saved. Self Direct: up to $625/kW + $125/kW. Studies funded up to 75% of cost (max $25,000).","Cooling Efficiency: chillers $15/ton + performance adders; VFD chiller retrofit $1.50/ton per 0.01 kW/ton; direct evaporative pre-cooling for air-cooled condensers $100/ton (units >=120 kBtuh). No prescriptive packaged/unitary RTU $/ton rebate and no prescriptive advanced RTU controls measure in the fetched Business Programs Summary (doc 23-08-506); RTU controls would go through EMS or Custom Efficiency.",,"2024-2026 DSM plan approved by CO PUC; annual budgets, programs subject to change via 60-day notice filings","https://www.xcelenergy.com/staticfiles/xe-responsive/Programs%20and%20Rebates/Business/CO-Business-Programs-Summary.pdf | https://www.xcelenergy.com/company/rates_and_regulations/filings/colorado_demand-side_management"
"Colorado","CO","Black Hills Energy (Colorado Electric)","IOU","2026 Commercial & Industrial Prescriptive Rebate Program and 2026 Custom Program (implemented by CLEAResult)","PDF application + email to blackhillscommercialrebatesco@support.clearesult.com (or mail); info at energy-ready.com, help line 719-309-0255","no","yes","Custom: pre-approval mandatory before purchase/installation; itemized invoices post-install; utility reserves right to inspect/verify before or after rebate; projects must pass BHE cost-effectiveness test and have incremental payback >= 1.0 year. No metering duration stated.","Lesser of 50% of incremental project cost OR tiered $/kWh saved: $0.30/kWh (0-30,000 kWh), $0.25 (30,001-100,000), $0.20 (100,001-250,000), $0.15 (>250,000). Rebates >$50,000 get extra review; cap of one-third of total program incentives per facility per year; $500,000/facility cap per 2024-2026 program plan.","Advanced Rooftop Controls $150/ton (single-zone packaged HVAC with existing functional economizer retrofitted with DCV + optional supply-fan VFD); AC Tune-Up $50/ton; packaged & split AC $40/ton (<240 kBtuh) and $10/ton (>=240 kBtuh); ASHP $50/ton; economizer $75; DCV up to $750/unit; evaporative pre-cooling $100/ton (>10 tons); air-cooled chillers $40/ton",,"Program year Jan 1 - Dec 31, 2026; applications due Jan 15, 2027; funding limited, first-come first-served; 2024-2026 program plan","https://www.blackhillsenergy.com/sites/blackhillsenergy.com/files/2026-COE-EE-Commercial-Custom-Rebate-Program.pdf | https://www.blackhillsenergy.com/sites/blackhillsenergy.com/files/2026-COE-EE-Commercial-Prescriptive-Rebate-Program-App.pdf"
"Colorado","CO","Efficiency Works Business (Platte River Power Authority + Fort Collins, Longmont, Loveland, Estes Park)","statewide administrator","Efficiency Works Business (retrofit rebates, Custom Efficiency, Building Tune-up, Midstream Cooling & Mechanical Equipment, Study Incentives)","Online rebate/preapproval applications via efficiencyworks.org; anyone can apply (customer, contractor, or listed service provider); high-efficiency unitary AC delivered midstream via regional distributors","recommended","above_threshold","Preapproval required for rebates >$10,000, all custom projects, VFDs, studies, and Building Tune-up; pre/post site inspections at program discretion; custom savings verified against preapproved calculations (paid on lower of verified vs preapproved). Building Tune-up (RTU enhanced maintenance to full RCx) must use authorized Performance Plus/RCx service provider. Metering duration not stated.","Custom electric incentives capped at 75% of project cost (<$50k rebate) and 50% of project cost (>$50k). Portfolio-wide caps: Level 2 ($50-100k) max $0.03/kWh cost-to-conserve, 75% of cost, 1-yr payback min; Level 3 (>$100k) max $0.02/kWh, 50% of cost. Rebates cannot exceed 100% of project cost.","High-efficiency unitary AC handled via Midstream Cooling program (distributor incentive, not customer rebate); RTU VFD conversion rebates; evaporative condensing/pre-cooling rebates; Building Tune-up program for RTU maintenance through full retrocommissioning","Preapproval response typically within 2 business days; rebate payments typically processed and paid within 4-6 weeks of final application","Calendar program year; first-come first-served while funding available; funds reserved 45 days past project completion date; guide effective January 2026","https://efficiencyworks.org/wp-content/uploads/2025/02/Efficiency-Works-Business-Programs-Guide.pdf | https://efficiencyworks.org/for-your-business-rebates-and-incentives/"
"Colorado","CO","Colorado Springs Utilities","muni","Business Custom Rebate (BCR) program + commercial prescriptive rebates (HVAC/heat pumps, smart thermostats)","Application to Utilities (forms on csu.org; energyrebates@csu.org); BCR reviewed and assigned to Track 1 (efficiency) or Track 2 (GHG/electrification)","unknown","yes","BCR requires pre-installation inspection to verify baseline and post-installation inspection/M&V; savings determined to 95% confidence interval; demand savings monthly, kWh savings over one calendar year; rebate adjusted up or down to actual verified savings; customer must provide facility access for independent M&V. Metering duration not stated.","Case-by-case; capped at lowest of 50% of project cost, 50% of Utilities avoided costs, or 75% of the incremental cost of the high-efficiency option. Track 1 requires simple payback >1 year without rebate.","Commercial rebates listed for HVAC/heat pumps, heat pump water heaters, mini-splits, smart thermostats; dollar amounts not captured in fetched documents","Paid as bill credit or check after post-inspection and final M&V (W-9 required for check)","Annual cycle starting first working Monday of January, first-come first-served until budget exhausted or Nov 15; BCR budget anticipated at $175,732 in 2025 (small); waiting list once committed","https://www.csu.org/Documents/CustomEnergyRebateRules.pdf | https://www.csu.org/rebates-incentives/"
"Colorado","CO","Tri-State Generation & Transmission (member co-ops incl. La Plata, Empire, Mountain View)","G&T","Beneficial Electrification / commercial energy efficiency credit programs delivered through member co-ops; Electrify and Save on-bill repayment","Through local member cooperative (verify participation before purchase); co-op submits/administers","unknown","unknown",,,"Air-source heat pumps (min 15 SEER), ground-source heat pumps, heat pump water heaters; incentive is lower of stated rebate or 50% of equipment cost; $20,000 per account annual cap on Tri-State funded rebates (2026)",,"2026 rebate amounts eligible for 2026 only; $20,000/account cap","https://tristate.coop/beneficial-electrification-commercial"
"Connecticut","CT","Eversource Energy (CT)","IOU","Energize CT Energy Opportunities (retrofit) / Small Business Energy Advantage (SBEA) / C&I Express Rebates incl. 2026 Commercial Heat Pump Energy Optimization","Express/prescriptive: PDF rebate form via email (CommercialHPRebates@ri-message.com) or online at EnergizeCT.com/nonlighting/apply; Energy Opportunities custom: utility energy-expert-driven project agreement signed prior to ordering equipment; SBEA: utility-authorized contractor manages the whole application/installation","recommended","above_threshold","Custom (PSD 2.8.2 Retrofit Custom): savings calculated case-by-case, must be calibrated against billing or metered data where possible and reviewed by a third-party consulting engineer or qualified in-house engineer; early-retirement claims need preponderance of evidence (trend data, metered data, dated photos). No fixed metering duration (e.g. 7-day/30-day) stated in the PSD sections reviewed. Express HP form: customer agrees to allow utility pre- and post-monitoring; post-inspection required above threshold","Energy Opportunities: financial incentives up to 40% of installed cost (energizect.com EO page); SBEA: incentives cover up to 80% of total project cost; 2026 Commercial Heat Pump Energy Optimization express: $1,650/ton ASHP, $2,250/ton VRF, $4,000/ton GSHP, rebate not to exceed 75% of total installation cost","PSD 2026 deemed measures include 2.2.2 Unitary and Split A/C, 2.2.19 Add Speed Control to Rooftop Unit Fans (staged VFD control of constant-speed RTU supply fans); EO program lists rooftop/split AC equipment, energy management systems, occupancy-based HVAC controls, CO2 controls, VSDs, programmable thermostats as incentivized; commercial ASHP express at $250/ton (like-for-like) and Energy Optimization $1,650-$4,000/ton",,"2025-2027 Conservation & Load Management Plan (Energy Efficiency Fund, ratepayer-funded); 2026 Plan Update + 2026 PSD filed with DEEP 3/1/26; rebate forms state funding availability is not guaranteed; 2026 HP express window 1/1/26-12/31/26, applications postmarked by 2/28/27","https://www.energizect.com/explore-solutions/new-construction-building-efficiency/existing-business-facilities | https://energizect.my.site.com/midstream/file-asset/CI_Heat_Pump_Energy_Optimization | https://www.energizect.com/your-business/solutions-list/small-business-energy-advantage"
"Connecticut","CT","United Illuminating (Avangrid)","IOU","Same statewide Energize CT portfolio as Eversource: Energy Opportunities, SBEA, Energy Conscious Blueprint (new construction), joint C&I express rebates","Identical joint statewide forms/portal: PDF form + email or EnergizeCT.com/nonlighting/apply for express measures; project agreement with utility for Energy Opportunities custom; SBEA via utility-authorized contractor","recommended","above_threshold","Same statewide PSD custom methodology: billing/metered-data calibration where possible, third-party or qualified in-house engineering review; no fixed metering duration stated","Same statewide rates: EO up to 40% of installed cost; SBEA up to 80% of project cost (UI SBEA eligibility: 10-200 kW avg 12-month peak demand); HP express $1,650-$4,000/ton capped at 75% of installation cost","Same PSD-governed statewide deemed measures (unitary/split A/C, RTU fan speed control, HVAC/EMS controls under EO, heat pump express rebates)",,"Same 2025-2027 C&LM Plan / Energy Efficiency Fund; funding availability not guaranteed per rebate T&Cs","https://www.energizect.com/explore-solutions/new-construction-building-efficiency/existing-business-facilities | https://www.energizect.com/your-business/solutions-list/small-business-energy-advantage"
"Connecticut","CT","Energize Connecticut (CT Energy Efficiency Fund / Energy Efficiency Board)","statewide administrator","Umbrella brand for all Eversource/UI/CNG/SCG efficiency programs; EEB advises, DEEP approves the 2025-2027 C&LM Plan and annual PSD","EnergizeCT.com rebate pages route to joint utility forms and the EnergizeCT.com/nonlighting/apply online rebate portal","unknown","above_threshold","Governed by the CT Program Savings Document (PSD): deemed algorithms for prescriptive measures; custom measures per PSD Sec. 2.8 with engineering review and billing/meter calibration",,"2026 PSD (filed 3/1/26, 624 pp.) contains deemed C&I HVAC measures incl. Unitary and Split A/C (2.2.2) and Add Speed Control to Rooftop Unit Fans (2.2.19)",,"Annual PSD update within DEEP-approved 3-year C&LM plan cycle (current: 2025-2027; 2026 update filed 3/1/26)","https://www.energizect.com/eeb-clm-plans | https://www.energizect.com/media/31441"
"District of Columbia","DC","DC Sustainable Energy Utility (DCSEU)","statewide administrator","Business Energy Rebates (prescriptive) + Custom Energy Incentives + Pay for Performance (P4P)","Online Rebate Center at rebates.dcseu.com (self-submit or contractor submits on customer's behalf); custom projects go through an assigned DCSEU Account Manager","no","yes","Pay for Performance: at least 1 year of pre-project baseline metered utility data and at least 9 months of post-project measurement before verified savings are paid; standard rebates require post-installation inspection. Custom-project M&V metering duration not published.","Not published as $/kWh. Pay for Performance pays per MWh electricity / MMBtu gas saved (rate disclosed only on contact) and 'the incentive will be capped at project cost'. Standard custom incentive rates: null.","Commercial heat pumps only: ductless mini-split or ducted ASHP <65,000 Btu/hr $375 (ENERGY STAR) / $700 (ES Most Efficient); large ASHP 65,000-135,000 Btu/hr $500 standard / $650 small business. No advanced RTU controls, no unitary AC $/ton, no tune-up measure listed. No rebates for new gas equipment in market-rate commercial buildings.","Pre-approval letter within ~2 weeks (reserves funds for a 90-day installation window); rebate paid up to 60 days after post-installation inspection; full purchase-to-payout span quoted as 1-6 months. P4P pays only after the 9+ month post-project evaluation period.","DC fiscal year (Oct 1 - Sep 30), funded by the statutory Sustainable Energy Trust Fund; DCSEU asks that completed applications be submitted before September 15 each fiscal year for timely processing","https://www.dcseu.com/business-rebates/hvac | https://www.dcseu.com/business-rebates/apply | https://www.dcseu.com/pay-for-performance | https://www.dcseu.com/start-a-project"
"District of Columbia","DC","Pepco (Potomac Electric Power Co.) - DC","IOU","Energy Efficiency and Demand Response (EEDR) portfolio: Small Business Program (<100 kW), Existing Buildings Program (<50,000 sq ft, standard + custom), Business Instant Discounts / Midstream Program","Program contact via pepcobusiness@mdenergyadvisors.com / 866-353-5798; Business Instant Discounts applied automatically at participating distributors (midstream, no application). DC-specific online portal not confirmed.","unknown","unknown",,"null for DC. (Pepco's Maryland Energy Savings for Business custom rate is up to $0.29/kWh first-year savings capped at 50% of installed retrofit cost / 75% of incremental new-construction cost, per Pepco MD documents - do NOT assume this applies in DC.)","Existing Buildings Program advertises 'a wide range of standard measures and custom projects' and HVAC tune-up support; Midstream/Instant Discounts covers lighting and HVAC products through distributors. DC-specific measure list and dollar amounts not published on fetched pages.",,"First EEDR cycle approved by DC PSC (Formal Case 1160) at ~$92.4M for 3 years beginning Jan 1, 2023 (through 2025); status of the 2026+ second cycle not confirmed from fetched documents","https://homeenergysavings.pepco.com/dc/business | https://www.utilitydive.com/news/pepco-efficiency-demand-response-program-dc-district/629891/ | https://www.globenewswire.com/news-release/2022/08/11/2496868/0/en/DCPSC-approves-Pepco-s-energy-efficiency-and-demand-response-programs-to-help-reduce-energy-use-in-the-District.html"
"District of Columbia","DC","DC Department of Energy and Environment (DOEE)","statewide administrator","Oversight/policy (Clean Energy DC); administers IRA Home Energy Rebates (residential); contracts and oversees the DCSEU","HEAR rebate portal via DOEE for residential IRA rebates; commercial work is delegated to DCSEU","unknown","unknown",,,,,"DC IRA allocation $59.4M total ($29.8M HOMES, $29.6M HEAR); both programs launched as of mid-2026, partly delivered through DCSEU low-income programs (HOMES expands the Affordable Housing Retrofit Accelerator)","https://doee.dc.gov/service/energy-efficiency-programs-businesses | https://neep.org/blog/home-energy-rebates-roundup-across-northeast-and-mid-atlantic"
"Delaware","DE","DNREC Energy Efficiency Investment Fund (EEIF)","statewide administrator","Energy Efficiency Investment Fund (EEIF) for Business - Prescriptive, Custom, Energy Assessment, and CHP pathways (implementer: NV5)","Online EEIF Application Portal; contractor may submit on behalf of applicant; payee must also register in the State of Delaware eSupplier Portal before payment","no","above_threshold","Custom projects: documented savings via energy modeling, nameplate/spec data, DNREC-approved calculators, and/or P.E. signature; 12 consecutive months of utility bills at pre-approval; no pre/post metering duration specified for custom measures. Formal M&V plan required only for CHP systems >=800 kW. Applicant must allow evaluator access to facility energy-use data for 2 years post-install; pre/post inspections at DNREC discretion.","$0.20/kWh (single end-use), $0.25/kWh (multi-tier: 2 end uses or EMS), $0.30/kWh (comprehensive: 3+ end uses), plus $10-$27/MMBtu gas; capped at 60% of energy-efficiency-related cost and $250,000 per address per calendar year (EEIF Guidelines v8.1, Feb 2026)","Appendix B: air conditioners (no HP) $250/ton; air-source ducted heat pumps $500-$1,000/ton; ductless mini-split HP $500-$1,250/ton; VRF HP $750-$1,500/ton; chillers $50/ton + $5 per 0.01 kW/ton IPLV performance adder; smart thermostats $50 each; VFDs on HVAC fans/pumps $50-$100/HP; AC tune-up <65 kBtu/h $50/unit; dual-enthalpy economizer $150/ton; boiler reset controls $100. Efficiency tiers must exceed 2018 IECC/ASHRAE 90.1-2016.",,"Funded by first $5,000,000/yr of Public Utility Tax receipts (29 Del.C. 8030); first-come first-served fund reservations (prescriptive 120 days, custom 12 months); DNREC may suspend or modify at any time","https://documents.dnrec.delaware.gov/energy/eeif/eeif-program-guidelines-and-operational-procedures.pdf | https://dnrec.delaware.gov/climate-coastal-energy/efficiency/energy-efficiency-investment-fund/"
"Delaware","DE","Delmarva Power (Exelon)","IOU",,,"unknown","unknown",,,,,"Current Delaware EE portfolio runs through 2026 (22,000+ MWh verified savings in 2025, mostly residential behavioral); a 2027-2029 portfolio was filed with the Delaware PSC June 2026 and is pending approval","https://www.delawarebusinessnow.com/news/finance/delmarva-proposes-changes-to-energy-efficiency-programs/article_1f2e676d-230e-4124-91c6-9150dc2795f8.html"
"Delaware","DE","Energize Delaware (Delaware Sustainable Energy Utility, DESEU)","statewide administrator","Business offerings: Energy Assessments, Financing & Loan Programs (low-interest commercial loans), Grants & Rebates (routes to DNREC EEIF for rebates), Solar and EV programs","Program pages route commercial rebate seekers to the DNREC EEIF application; Energize Delaware directly administers assessments and commercial loans","recommended","unknown",,,,,,"https://www.energizedelaware.org/nonresidential/business/ | https://energizedelaware.org/wp-content/uploads/2025/09/Rebate-Pricing.pdf"
"Delaware","DE","Delaware Electric Cooperative","co-op",,"PDF rebate application (mail-in style); residential heat pump water heater application posted on delaware.coop","unknown","unknown",,,,,"2025 heat pump water heater rebate ($300 ENERGY STAR HPWH) required installation by Dec 31, 2025 and application within 60 days of purchase; annual rebate cycles","https://www.delaware.coop/sites/default/files/2025-04/2025%20Heat%20Pump%20Water%20Heating%20Rebate%20Application.pdf"
"Florida","FL","Florida Power & Light (FPL, incl. former Gulf Power)","IOU","FPL Business programs: Business HVAC (Chillers / DX AC / VFD) prescriptive rebates + Business Custom Incentive (BCI) Program","Web enrollment form on fpl.com; a Business Energy Expert contacts you within 2 business days to determine eligibility; BCI proposals go through your FPL customer representative / Business Care Center (1-800-375-2434). No self-serve public rebate portal.","unknown","yes","BCI: project must be accessible for post-installation verification and performance monitoring for ONE YEAR after installation; rebate adjusted downward if actual summer coincident peak demand savings falls >15% below proposal (no upward adjustment). Metering method/duration within the year not specified.","BCI (standards effective 9/1/2025): project-specific; customer payback must remain >2 years; rebate capped at 25% of incremental cost and $250,000 max; minimum 25 kW summer coincident peak demand reduction; must pass RIM or TRC + Participants tests","Business HVAC rebates for chillers (100+ ton facilities), DX AC (split, packaged, RTU, VRF, mini-split), and VFDs on chilled/condenser water pumps; rebate amounts 'depend on size of installation' - dollar figures not published on the public pages fetched. CRITICAL: BCI explicitly excludes projects that are 'operational, controls, or maintenance improvements' - a bad fit for controls/additive measures.","BCI: payment only after satisfactory completion of installation, monitoring and verification work (i.e., after the 1-year monitoring period). Prescriptive timeline not published.","Funded via Energy Conservation Cost Recovery (ECCR) clause; reported annually to FPSC in DSM Annual Report; no published fund-exhaustion behavior","https://www.fpl.com/business/save/programs/heating-and-cooling.html | https://www.fpl.com/business/save/programs/customized-incentives.html | https://www.fpl.com/content/dam/fplgp/us/en/business/pdfs/business-custom-incentive-program-standards.pdf"
"Florida","FL","Duke Energy Florida","IOU","Smart $aver Business Rebates and Incentives (prescriptive) + Florida Custom Incentive Program","Online portal at duke-energy.aesc-inc.com/EEB (AESC-administered); prescriptive rebate PDF forms also emailed to prescriptiveincentives@duke-energy.com; custom pre-application to FloridaCustom@duke-energy.com; free Business Energy Check is the promoted entry point","no","above_threshold","Custom: pre-application approval required before project initiation; incentives paid after review and/or savings verification; where savings are uncertain, 50% of incentive paid at installation and remainder paid post-installation upon confirmation of achieved impacts; Duke may inspect installations. Metering duration not stated. Prescriptive: submit documentation within 6 months of project completion, no pre-approval stated.","Custom Incentive Program: capped at 50% of actual total project cost, $250,000 max per project; project cannot be incentivized below a 2-year payback; thermal energy storage up to $300/kW of peak cooling reduction","Advanced Rooftop Controls (retrofit): $150/ton, capped at 50% of project cost. Unitary AC/HP >65k Btu/h and VRF: $50/ton. Small heat pump: up to $100/ton ($500/unit cap). PTHP/PTAC: $100/ton. Mini-splits: up to $200/ton. Chillers: $25/ton. Chiller/HVAC maintenance and coil cleaning (tune-up): up to $25/ton. Smart thermostats: $100 each. DCV: $0.10/sq ft (50% cost cap). Wall insulation $0.20/sq ft, ceiling insulation $0.19/sq ft, cool roof $0.15/sq ft ($50k/building cap). HVAC tune-up & RTU recommissioning rebate form published.","Custom: 50% at installation / 50% after impact confirmation (duration unstated). Prescriptive payment timeline not published.","FPSC-approved DSM plan, ECCR-funded; 2025 collateral notes 'increased incentives now available'; no published fund-exhaustion behavior","https://www.duke-energy.com/business/products/smartsaver/hvac-equipment-fl | https://www.duke-energy.com/-/media/pdfs/for-your-business/def-program-at-a-glance.pdf | https://www.duke-energy.com/-/media/pdfs/for-your-business/florida-custom-terms-and-conditions.pdf | https://www.duke-energy.com/business/products/smartsaver/custom-incentives-fl"
"Florida","FL","Tampa Electric (TECO)","IOU","Business Save Energy portfolio: Custom Energy Efficiency, VFD & Motor Controls, Lighting, Water Heating, Load Management (prescriptive Cooling program ENDED 5/31/2025)","PDF Demand & Energy Calculations form emailed to ComConReq@tecoenergy.com, then online application at saveenergy.tecoenergy.com; pre-qualification certificate issued before purchase allowed","unknown","yes","Custom: M&V performed after 90 days of operation; on-site monitoring within the customer facility may be required; second verification at 12 months of operation (two-phase payment). On-site pre-verification analysis possible.","Custom Energy Efficiency: rebate cannot make simple payback fall below 2 years; only projects reducing peak demand by >50 kW (5 p.m. Aug / 7 a.m. Jan weekday peaks) qualify; no published $/kWh rate","The $19/ton commercial Electric Unitary AC (DX) rebate (EER >= code + 1.00) ended May 31, 2025 (installs before that date could apply until May 31, 2026); current business portfolio has NO prescriptive unitary HVAC or RTU-controls rebate - only VFD/motor controls, lighting, water heating, custom","Custom: half of rebate paid after 90 days of operation, remaining half after 12 months; checks processed within ~4 weeks after all program requirements met","FPSC-approved DSM plan; cooling program sunset 5/31/2025 shows measures are retired at plan transitions","https://www.tampaelectric.com/business/saveenergy/customenergyefficiency/ | https://www.tampaelectric.com/business/saveenergy/ | https://www.tampaelectric.com/business/saveenergy/cooling/"
"Florida","FL","JEA (Jacksonville)","muni","JEA Business Rebates Program (InvestSmart) - electric efficiency rebates, ICF-administered","Online portal: jeabusiness.customerapplication.com (Electric Efficiency Online Application Portal); support via JEAbusiness@icf.com / (844) 604-4394","yes","unknown",,"Custom measures: $0.05/kWh saved, capped at a one-year payback; all electric measures capped at $100,000 per year per customer tax ID; small business customers may qualify for enhanced rebates up to 75% of project cost via Trade Allies","Measure categories listed: HVAC unitary units, VFDs, chillers, and HVAC tune-ups, plus cool roof/window film; per-measure dollar amounts live in technical sheets inside the application portal (not public). Registered trade ally required for electric rebates except emergency HVAC replacement (incentive $5,000).",,"'Double back on rebates' promotion on qualifying equipment through August 31, 2026 - indicates funded and actively promoting","https://www.jea.com/business_resources/rebates_for_businesses/business_rebates_program/ | https://www.jea.com/Business_Resources/Rebates_for_Businesses/Electric_Savings/"
"Georgia","GA","Georgia Power (Southern Company)","IOU","Commercial Energy Efficiency Program (CEEP)","Online portal georgiapowercommercialrebates.com; the customer's Participating Contractor can create an account and submit the application on the customer's behalf; midstream distributor channel exists for HVAC via 'participating distributor' bonus","recommended","no","Custom: rebates based on verifiable energy-savings calculations (no assumed % reductions); baseline = ASHRAE 90.1-2013/federal code; program staff determine rebate after application. Building Tune-up: test-in and test-out measurements and inspections required, project must be submitted BEFORE work starts, 2-year commitment on schedule changes; no fixed metering duration (e.g. 7/30-day) stated - measurement fields set per-project with the Program Team","$0.10/kWh (Custom Equipment and Building Tune-up), max $75,000 per building per year up to 50% of project cost; chillers serving multiple buildings max $250,000 per campus per year up to 50% of cost","2026-2028 tech sheet: unitary AC 65-135 kBtu/h $60/ton, 135-240 kBtu/h $50/ton, 240-760 kBtu/h $40/ton (IEER 15.3/14.7/13.6 minimums); ASHP <65 kBtu/h $400/unit, 65-135 kBtu/h $80/ton; mini-splits $100/ton; smart Wi-Fi thermostat $75/unit; VFD $50/hp (2-200 hp, >=1,500 hrs); guest-room controls $80/room; ECM on VAV $50/motor; DCV retrofit $15/1,000 SF; prescriptive combined cap $100,000 per building per year up to 50% of equipment cost. Bonus through Nov 30: +25% on prescriptive HVAC/controls/envelope, +50% on HVAC bought through participating distributors","Rebate check mailed within ~6 weeks of final invoice receipt; supporting docs due within 60 days of project completion","Tech sheets published for a 2026-2028 program cycle (tied to PSC-approved DSM plan); no fund-exhaustion behavior documented on fetched pages","https://www.georgiapower.com/business/products-programs/efficiency-maintenance/ceep.html | https://www.georgiapower.com/content/dam/georgia-power/pdfs/programs/ceep/57401_GP_Commercial_26-28_Heating_and_Cooling_v05_Release_Web.pdf | https://www.georgiapower.com/content/dam/georgia-power/pdfs/business-pdfs/gp_commercial_tech_sheet_custom_btu_2023-2025.pdf | https://www.georgiapower.com/business/save-money-and-energy/commercial-rebates-and-incentives.html"
"Georgia","GA","TVA EnergyRight (serving north Georgia EMCs/munis, e.g. North Georgia EMC)","G&T","TVA EnergyRight Business & Industry Incentives","Submit project request / contact TVA Energy Expert (866-233-0450) or apply through a TVA Preferred Partners Network contractor who streamlines the application; applications accepted up to 6 months after installation/invoice","recommended","no","Standard HVAC incentives require no pre-approval or custom M&V; Commissioning incentive pays $0.05/kWh saved; custom incentive pathway exists but M&V/metering duration not stated on fetched page","Commissioning incentive $0.05/kWh saved (per HVAC incentive page); B&I incentives capped at 70% of material cost, max $3,000,000 per organization per TVA fiscal year (Oct-Sep); minimum $150 per standard HVAC application","Standard unitary AC/HP like-for-like $80/ton; Advanced Tier unitary $175/ton (replacement or new install); air-cooled chillers $200/ton; VRF/dual-fuel HP $250/ton; GSHP $1,000/ton; no advanced RTU controls line item on HVAC page",,"TVA fiscal year October-September","https://energyright.com/business-industry/incentives/hvac/ | https://energyright.com/business-industry/incentives/applying-for-incentives/ | https://www.ngemc.com/account/incentivesandfinancing"
"Georgia","GA","Jackson EMC (largest GA electric co-op)","co-op","Commercial/agricultural custom rebates (no formal published prescriptive catalog found)","Contact co-op directly; residential uses a Contractor Network and marketplace instant rebates","unknown","unknown",,,,,,"https://www.jacksonemc.com/member-services/home-services/rebates-incentives-loans | https://news.jacksonemc.com/rebates-available-for-energy-efficient-upgrades/"
"Georgia","GA","Georgia Environmental Finance Authority (GEFA) - Georgia's Home Energy Rebates (IRA HOMES/HEAR)","statewide administrator",,"Neighborly Software portal for eligibility verification and tracking; installation through GEFA-approved contractor network; DIY pathway for select ENERGY STAR appliances up to $840","yes","yes",,,"Residential only: HEAR heat pump (space heating/cooling) up to $8,000; heat pump water heater up to $1,750; combined program savings up to $16,000 per household; <80% AMI up to 100% of cost, 80-150% AMI up to 50%",,"Active mid-2026; fuel-switching HEAR project submission deadline 8/10/2026 announced - signals fund management/wind-down of that pathway","https://energyrebates.georgia.gov/ | https://energyrebates.georgia.gov/home-electrification-and-appliance-rebates"
"Hawaii","HI","Hawaii Energy (Leidos, Public Benefits Fee Administrator for Hawaiian Electric territories: Oahu, Maui County, Hawaii Island)","statewide administrator","Hawaii Energy Commercial Rebates (prescriptive) + Customized Projects, PY26 effective July 1, 2026 - June 30, 2027","PDF form + email to assigned Energy Advisor or HawaiiEnergy@leidos.com (application, IRS W-9, equipment specs, proof of purchase); no online portal for commercial","recommended","above_threshold","Custom projects: preliminary approval before any work starts or project 'is at significant risk of being disqualified'; typically at least 4 weeks of metered data on existing equipment and 4 weeks on new equipment, 15-minute interval kW data, normalized to weather/flow; calcs by a qualified person/firm; program may pre-inspect and may install its own metering","$0.10/kWh saved + $100/peak kW saved (measure life <=5 yr) or $0.18/kWh saved + $100/peak kW saved (life >5 yr); capped at up to 50% of project cost; project payback must exceed 1 year","Packaged/split AC and heat pumps $125-$275/ton by efficiency tier; IVRF $275-$300/ton; chillers $45-$60/ton; VFDs $50/HP (HVAC fans), $80/HP (chiller/condenser pumps); Smart HVAC controls + EMS for SMBs 50% of installed cost up to $5,000/site; hotel room EMS $200/unit; window film $0.85/sq ft, cool roof $0.10/sq ft (envelope); retro-commissioning $0.20/sq ft up to $30,000 capped at 50% of cost (pre-approval required)",,"Program year July 1 - June 30 ('or while funding lasts'); ratepayer Public Benefits Fee under Hawaii PUC oversight; PY26 runs 7/1/2026-6/30/2027","https://hawaiienergy.com/wp-content/uploads/rebate-summary-sheet.pdf | https://hawaiienergy.com/for-business/rebates-for-business/customized-projects/ | https://hawaiienergy.com/for-business/rebates-for-business/hvac/"
"Hawaii","HI","Hawaiian Electric (HECO/MECO/HELCO - Oahu, Maui County, Hawaii Island)","IOU",,,"unknown","unknown",,,,,,"https://hawaiienergy.com/wp-content/uploads/rebate-summary-sheet.pdf"
"Hawaii","HI","Kauai Island Utility Cooperative (KIUC)","co-op","KIUC Commercial Retrofit / Commercial New Construction / Commercial Equipment Replacement programs (+ Small Business Energy Efficiency Grant through 12/31/2026)","Contact KIUC Energy Services (energyservices@kiuc.coop); project proposal with pre-approval; must work with a KIUC-approved Trade Ally or Supplier","yes","yes","All proposals undergo a total resource cost test; project-specific requirements not published in detail","Retrofit incentives stated as ranging 50% to 100% of measure cost; new construction and equipment replacement cover 80% of incremental cost of high-efficiency equipment (no $/kWh rate published)","Air conditioning (incl. split systems), motors, refrigeration, lighting controls, kitchen equipment listed as eligible retrofit categories; no published $/ton table",,"First-come, first-served while funds last; Small Business EE Grant closes Dec 31, 2026 with installs due before Nov 1, 2026","https://kiuc.coop/commercial-programs | https://kiuc.coop/cooling-and-ventilation-programs"
"Iowa","IA","MidAmerican Energy Company","IOU","Business Instant Discounts + Nonresidential Energy Solutions (Small Business Express, Direct Project Assistance/Custom, Retro-Commissioning, Strategic Energy Management)","Midstream distributor (Instant Discounts, no customer paperwork); Custom = Custom Project Preapproval Application PDF + Key Input Assumption table emailed to nes@midamerican.com; residential/small equipment uses the ri-esuite online portal","recommended","yes","Custom/RCx/SBE require preapproval and cost-effectiveness screening; on-site verification of installation required for projects over $20,000; MidAmerican reserves the right to install metering devices on new equipment before or after rebate payment â€” no metering duration stated","$0.05-$0.18 per kWh of first-year savings (electric custom/Direct Project Assistance); $0.35-$1.50/therm gas; Retro-Commissioning $0.05/kWh up to 100% of project cost; standard rebates capped at 70% of installed cost (one program page states prescriptive cannot exceed 50% - see flags)","Instant Discounts (midstream): large central AC and large ASHP $150/ton, small central AC $263-$413/unit, small ASHP $300-$563/unit; equipment must be installed and operating Jan 1-Dec 31, 2026; no advanced RTU controls category found on program pages","Instant Discounts applied at point of purchase; custom rebate check timeline not published","Calendar-year program (Jan 1 - Dec 31, 2026 eligibility window); custom measures must be installed within 12 months of preapproval; statutory EE plan under Iowa Code 476.6","https://www.midamericanenergy.com/business-discounts-and-rebates | https://www.midamericanenergy.com/nonresidentialenergysolutions | https://www.midamericanenergy.com/sites/Satellite?c=Page&childpagename=MEC%2FPage%2FStandardPage%2FLayout&cid=1529683765256&d=Touch&packedargs=d%3DTouch&pagename=MEC%2FPrimaryWrapper"
"Iowa","IA","Alliant Energy (Interstate Power and Light)","IOU","Custom Rebates for Iowa Businesses + Alliant Energy Instant Discounts (commercial/industrial/ag)","Midstream distributor for equipment (traditional claim-form rebates discontinued - 'Alliant Energy no longer processes claim form rebates'); Custom = interest form, then key account manager presents a Custom Rebates Incentive Proposal","recommended","yes","Custom projects require verification of actual savings against baseline of replaced equipment; must demonstrate permanence/sustainability of savings; savings from reduced production ineligible; one-year minimum payback required; no metering duration published","$0.10 per kWh saved + $200 per kW saved + $1.00 per therm saved; project incentives 'may be subject to electric and/or gas caps' (cap % not published)","Instant Discounts (midstream): large commercial units $150/ton, residential-class AC $263-$413/unit, ASHP $300-$563/unit, cold-climate ASHP $563-$713/unit; commercial lighting and food service also midstream; no advanced RTU controls category found","Instant discounts at point of purchase; custom rebate paid after project completion and savings verification, duration not published","Statutory EE plan under Iowa Code 476.6; program year details not published on fetched pages","https://www.alliantenergy.com/ways-to-save/custom-rebates | https://www.alliantenergy.com/ways-to-save/instant-discounts/iowa | https://www.alliantenergy.com/ways-to-save/rebates/terms"
"Iowa","IA","Cedar Falls Utilities","muni","Business Services & Rebates","PDF application forms downloaded from cfu.net; custom projects via Energy Services (319-266-1761)","unknown","above_threshold",,,"Per-unit rebates listed for ASHP, GSHP, dual fuel, central AC, ductless mini-splits, gas furnace w/ ECM, WiFi thermostats, plus insulation, LED lighting (DLC-listed), and custom rebates for unlisted equipment; dollar amounts only in downloadable forms (not captured)",,,"https://www.cfu.net/save-energy/residential-business/business-services-rebates"
"Idaho","ID","Idaho Power","IOU","Commercial & Industrial Energy Efficiency - Retrofits (prescriptive) and Custom Projects","PDF worksheet/application + manufacturer specs emailed to retrofit@idahopower.com (prescriptive) or customprojects@idahopower.com (custom); no dedicated online portal identified","no","above_threshold","Custom Projects: Idaho Power 'may monitor electrical usage before and after installation to verify claimed savings' (pre/post metering); specific metering duration not stated in fetched documents","$0.20/kWh of first-year savings or 70% of eligible project cost, whichever is less (standard custom); energy-management/O&M measures $0.025/kWh up to 100% of cost","HVAC Controls $60-$225/ton (1-5 control strategies); AC tune-up (>=3 tons) $25/ton; economizer repair $50/ton; air-side economizer $100/ton; air-cooled AC $85-$110/ton; air-cooled heat pumps $110-$130/ton; VRF $75-$110/ton; ECM motors $200 each; HVAC VFD $125/hp","Prescriptive: apply within 90 days of completion, check issued after review/possible inspection (no stated day count). Custom: incentive check after completion and invoice submission (no stated day count)","Ongoing DSM rider-funded program; prescriptive pre-approval required in writing for projects with estimated incentive >= $2,000 before work begins; no fund-exhaustion behavior documented","https://www.idahopower.com/energy-environment/ways-to-save/savings-for-your-business/retrofits/hvac-and-controls-idaho/ | https://www.idahopower.com/energy-environment/ways-to-save/savings-for-your-business/custom-projects/"
"Idaho","ID","Rocky Mountain Power (PacifiCorp - Idaho)","IOU","wattsmart Business - Idaho","Application package obtained from RMP or a wattsmart Business Trade Ally; submitted with IRS W-9 after installation (paper/PDF package; trade ally typically assists or submits); wattsmartbusiness.com/apply","recommended","above_threshold","Custom incentives require pre-approval and custom analysis by program energy experts; metering duration not stated in fetched documents",,"Explicit 'Advanced Rooftop Unit Controls' prescriptive category (dollar amount not published on fetched pages; in application package); unitary commercial AC/HP $25-$75/ton by CEE tier (effective 11/15/2024, v06/04/2025); VRF heat pumps $125/ton; PTAC/PTHP incentives; HVAC VFDs","Incentive check within 45 days of submitting completed application (stated on program page)","Program changes effective Nov 17, 2025 (lighting restructure, Express per-watt path, Green Motor Rewinds discontinued); ongoing program, no fund-exhaustion behavior documented","https://www.rockymountainpower.net/savings-energy-choices/business/wattsmart-efficiency-incentives-idaho/id-incentive-lists/id-hvac.html | https://www.rockymountainpower.net/content/dam/pcorp/documents/en/rockymountainpower/savings-energy-choices/wattsmart-business/idaho/ID_wattsmart_Business_HVAC_Incentives.pdf | https://wattsmartbusiness.com/program-changes-for-rocky-mountain-power-wattsmart-business-idaho/"
"Idaho","ID","Avista Utilities (Idaho, electric + gas, northern ID)","IOU","Commercial Energy Efficiency Incentives (prescriptive rebates + Site-Specific/custom incentives)","Online rebate portal or PDF form via email (rebates@myavista.com) for prescriptive; site-specific projects require contacting Avista/account executive BEFORE purchasing equipment","unknown","yes","Site-specific incentives require verifiable energy savings; projects must have measure life >= 10 years; incentive tied to first-year kWh savings and simple payback; metering duration not stated in fetched documents","$0.23/kWh first-year savings for projects with simple payback under 15 years, capped at 70% of incremental project cost","Prescriptive HVAC/water-heating rebates exist for small commercial (details behind account-executive contact; Avista Idaho prescriptive menu is thinner and more gas-oriented than Idaho Power's); larger/complex HVAC handled as site-specific",,,"https://www.myavista.com/energy-savings/energy-saving-programs-services-for-your-business/rebates-idaho | https://www.myavista.com/energy-savings/energy-saving-programs-services-for-your-business/hvac-and-water-heating-incentives"
"Illinois","IL","ComEd (Commonwealth Edison)","IOU","ComEd Energy Efficiency Program - Business (Standard, DX Tune-Up, Custom, Industrial Systems, RCx, SEM offerings)","PDF standard application + measure worksheet emailed to BusinessEE@ComEd.com (submit within 60 days of completion for standard measures); Custom uses a PDF pre-application then reservation letter; instant-discount midstream channel exists for lighting/select equipment","recommended","above_threshold","Custom incentive is based on actual kWh saved as verified by the program team post-installation; M&V 'may be required' and ComEd reserves the right to require monitoring both before and after the retrofit; no fixed metering duration stated in the 2026 Custom application","$0.18/kWh first-year savings (custom, 2026); lighting $0.10/kWh; data center $0.04-$0.15/kWh by PUE improvement tier; capped at 100% of incremental measure cost or 100% of total project cost; $2M max incentive per account per calendar year","Packaged RTU Advanced Controls $100/ton (pre-application MANDATORY for this measure; requires DCV + variable-speed fan, constant-volume single-zone gas-heat RTUs only, no split systems or heat pumps); AC tune-up $15/ton basic, $25/ton full; Packaged RTU sealing $10/ton; thermostats $150/unit; notched V-belts $10/HP; high-efficiency RTU/unitary rebates on separate HVAC & VSD worksheet; standard incentives capped at 90% of incremental and total project cost","Check mailed after final application approval and post-installation verification; specific duration not published in program documents reviewed","Calendar program year Jan 1 - Dec 31, 2026, within statutory 2026-2029 EE plan (CEJA); custom incentives offered until Dec 31, 2026 or until approved funds exhausted; 2026 bonus-incentive tiers (30% if final app by Apr 30, 2026; 20% by Sep 30, 2026) reported for <500 kW customers","https://azure-na-assets.contentstack.com/v3/assets/blt3ebb3fed6084be2a/blt8565db09730fbd49/CustomApplication.pdf?branch=prod_alias | https://www.comed.com/cdn/assets/v3/assets/blt3ebb3fed6084be2a/blt46fd4516ee3720a3/677849e7f3434458ae466890/2025_ComEd_S_c_DX-Tune-Up_worksheet.pdf | https://www.comed.com/ways-to-save/for-your-business/incentives"
"Illinois","IL","Ameren Illinois","IOU","Ameren Illinois Energy Efficiency Program - Business (formerly ActOnEnergy); PY2026 Incentive Reference Guide","PDF applications from the Business Forms Library on AmerenIllinoisSavings.com, submitted by email to IllinoisBusinessProjects@ameren.com; separate instant/midstream channel for lighting and commercial kitchen equipment","recommended","yes","Custom, Retro-Commissioning, and New Construction (>$15k) projects require pre-approval; Metering & Monitoring offering pays performance incentives on metered savings; specific metering durations not stated in the PY26 reference guide","PY2026 Custom Electric: $0.16/kWh ($0.20/kWh public sector or DS-2), dropping to $0.06/kWh after first 3,125,000 kWh; Custom Gas $1.00/therm ($2.00 public/GS-2), $0.50/therm after first 100,000 therms; all capped at 80% of project cost; eligible payback window 1 month-12 years","Advanced Rooftop Controls (BPC33): $200/ton private, $300/ton public - deemed prescriptive; Air conditioners incl. RTUs (BPC5) $100-$1,600/unit; air-source heat pumps $350-$2,100/unit; smart thermostats $175/unit; VFD on HVAC motor $125/hp private ($160 public, up to 80% of cost); demand-controlled ventilation $0.12-$0.22/sqft; RCx implementation $0.10/kWh","Not published in documents reviewed","Program Year 2026: Jan 1 - Dec 31, 2026; incentives subject to change without notice; statutory multi-year EE plan under CEJA","https://amerenillinoissavings.com/wp-content/uploads/2025/12/PY26-Incentive-Reference-Guide-ver12152025.pdf | https://amerenillinoissavings.com/business/incentives-services/"
"Illinois","IL","MidAmerican Energy (Illinois - Quad Cities area)","IOU","Business Energy Efficiency (Instant Discounts + Nonresidential Energy Solutions custom)","Instant Discounts via participating provider (discount deducted at purchase, no customer paperwork); non-listed equipment via Nonresidential Energy Solutions custom application with mandatory pre-approval","recommended","yes","Custom projects must be pre-approved before purchase/installation; detailed M&V protocol not published on pages reviewed","Rebate payment cannot exceed 70% of installed cost (labor + equipment); $1,000,000 cap per tax ID per program year; specific $/kWh rate not published on pages reviewed","2026 examples: central AC $263-$413/unit, air-source heat pumps $300-$563/unit (cold-climate higher); equipment must be installed and operating Jan 1 - Dec 31, 2026","Instant Discounts applied at point of sale via provider; custom rebate timeline not published","Program year 2026 (calendar year); offered until approved funds exhausted or Dec 31, 2026, whichever first","https://www.midamericanenergy.com/il-bus-qualifications-conditions | https://www.midamericanenergy.com/business-discounts-and-rebates"
"Indiana","IN","Duke Energy Indiana","IOU","Smart $aver (Prescriptive Rebates + Custom Incentives, incl. Performance option)","PDF/email application (PrescriptiveIncentives@duke-energy.com) or duke-energy.com/SaveMoney; custom via duke-energy.com/Custom or CustomIncentives@duke-energy.com; equipment must be installed and operational before submitting prescriptive applications","no","yes","Custom requires project approval prior to contracts/orders/construction; a 'Performance Option' pays on actual measured performance for hard-to-predict savings (metering duration not stated in fetched documents)",,"Rooftop tune-up $21-$51/ton; economizer repair & optimization $25/economizer; refrigerant charge $17.50/system; coil cleaning $17.50/system; guest room energy mgmt controls up to $80/room; demand control ventilation $0.10/sq ft; ductless mini-split AC up to $206/ton; prescriptive rebates capped at 50% of equipment cost (per 2019-dated Indiana trade-ally sheet - verify current amounts)",,,"https://www.duke-energy.com/_/media/pdfs/partner-with-us/trade-allies/commercial/191637-smart-saver-indiana-sheet-final.pdf | https://www.duke-energy.com/business/products/smartsaver/hvac-incentives"
"Indiana","IN","AES Indiana (formerly Indianapolis Power & Light)","IOU","Business Energy Incentives (Prescriptive Rebates, Custom Incentives, Midstream Incentives)","Online Salesforce portal (cr101.my.salesforce-sites.com/aesindianarebates); midstream = instant discount at participating distributor for lighting/HVAC/kitchen equipment","unknown","yes","Custom projects must be pre-screened and pre-approved via Custom Pre-application plus technology-specific project calculators; incentive reserved until completion; metering duration not stated on fetched pages","Up to $1,000,000 cash-back per project (custom $/kWh rate not published on fetched pages)","Prescriptive HVAC covers air/ductless/water-source heat pumps, air conditioning, VFDs on compressors; 15% bonus on qualifying HVAC rebates in Midstream and Prescriptive programs through Sept 30, 2026; specific $/unit amounts only in application documents",,,"https://www.aesindiana.com/custom-incentives | https://www.aesindiana.com/prescriptive-rebates | https://www.aesindiana.com/midstream-incentives"
"Indiana","IN","NIPSCO (Northern Indiana Public Service Company)","IOU","Commercial & Industrial Energy Efficiency Program (Prescriptive + Custom Incentive Programs), administered by TRC","Excel application form emailed to NIPSCO.Savings@TRCcompanies.com with supporting docs; 3-business-day review; signed incentive offer must be returned within 30 days","unknown","yes","Custom pre-approval required before any equipment purchased/installed; energy savings calculations required for non-lighting projects; no explicit metering-duration protocol published on fetched pages","$0.15/kWh saved (non-lighting electric); $0.10/kWh (lighting); $1.00/therm gas; retro-commissioning study $0.01/kWh capped at study cost; 10% gas bonus Jul 1-Dec 31, 2026","2026 list: DX tune-up $15/ton (no tune-up in past 60 months); DX units $25-$40 per IEER/SEER improvement per ton by size tier; ASHP $35-$50 per EER improvement per ton; smart thermostats $40-$156/unit; VSD for HVAC fans <=75 HP $100/HP; no advanced RTU controls measure on the list","Incentive checks typically within 6-8 weeks after completion and final review","Program year deadline: all projects completed by Nov 16, 2026 for 2026 incentives","https://www.nipsco.com/energy-efficiency/for-your-business/custom-incentive-program | https://www.nipsco.com/docs/librariesprovider11/energy-efficiency/prescriptive-incentive-program/prescriptive-incentive-list.pdf"
"Indiana","IN","Indiana Michigan Power (I&M, AEP subsidiary)","IOU","Electric Ideas business programs (Prescriptive Rebates + Custom Incentives)","Measure Selection Form + application (electricideas.com); optional free on-site evaluation by I&M Energy Managers or a Trade Ally; final application due within 120 days of incentive-offer acceptance","recommended","yes","Custom: 'Projects may require pre- and post-monitoring to verify energy savings' (duration not stated)","Up to $0.07/kWh saved in first year of operation, covering up to 75% of project costs; max $250,000/site, $500,000/company; first-come first-served","Predetermined cash rebates for HVAC, kitchen, lighting, VFDs via HVAC Measure Selection Form (specific $/ton amounts only in the form, not on the fetched page); prescriptive incentives also capped at 75% of total project cost","Rebate checks within about 4-6 weeks; payable to customer or contractor","Applications by Dec 15, 2026 processed at 2026 incentive levels; later at 2027 levels; funds limited, first-come first-served","https://electricideas.com/at-work/custom-incentives/ | https://electricideas.com/at-work/prescriptive-rebates/"
"Indiana","IN","CenterPoint Energy Indiana South (formerly Vectren/SIGECO)","IOU","Business Prescriptive Rebate Program + Custom and EDA Bonus incentives (administered with Resource Innovations)","PDF application + Measure Selection Forms + itemized invoices submitted by email (IndianaBizPrograms@CenterPointEnergy.com), mail to Resource Innovations (Madison, WI), or fax; application must be postmarked within 90 days of installation","no","above_threshold","Prescriptive is post-installation paperwork; rebates over $20,000/premise/year require pre-approval before purchase/install (allow up to 4 weeks for Preapproval Notice); custom M&V details not in fetched documents",,"HVAC Measure Selection Form covers HVAC equipment (specific measure amounts in eligibility document, not extracted); equipment must be installed by Dec 31 of program year","Allow up to 6 weeks for rebate payment after final approval","Calendar program year (2025 app: install by Dec 31, 2025; 2026 program active)","https://www.centerpointenergy.com/en-us/Documents/Midwest/in-business/applications/2025_CNP-IN_Business_Prescriptive_Application_Promo-Code.pdf | https://www.centerpointenergy.com/en-us/business/save-energy-money/efficiency-programs-rebates/electric-service-rebates?sa=in"
"Kansas","KS","Evergy (Evergy Kansas Central + Evergy Kansas Metro - one combined Kansas program)","IOU","Business Energy Savings Program (KEEIA Cycle I, 2024 through Dec 31, 2027)","Excel application form + email to businessrebates@evergy.com (or program interest web form / phone 844-687-0229); implemented by TRC Companies with regional Efficiency Outreach Associates; contractor can coordinate directly via a Letter of Authorization. No self-service portal identified.","no","above_threshold","Standard measures: deemed worksheet, invoices, spec sheets, photos; site verification at Evergy's discretion. Custom measures: replicable savings calculations required; 'if metered/trend data are required, the Program will specify period, frequency, and format' - no fixed metering duration (e.g., 7-day/30-day) is published. Custom measures must pass a benefit-cost test AND have a simple payback of 12 months or greater before incentive. EM&V cooperation (surveys, BMS trend review, spot measurements, temporary data logging) required for up to 5 years post-completion; non-compliance can trigger clawback.","Per-kWh first-year savings by end use: Cooling with summer peak demand reduction $0.35/kWh; HVAC (year-round with demand reduction) $0.18/kWh; HVAC Controls Optimization $0.14/kWh with peak reduction, $0.07/kWh without; Building Envelope $0.20/kWh; Motors & Drives $0.12/kWh; Process Optimization $0.16/kWh. Cap: incentive cannot exceed customer's cost of the measures; max $1,000,000 per customer (tax ID) per calendar year. Small business (<1.5M kWh and/or <100 kW) and non-profits get 30-50% higher incentive levels.","Custom Lite HVAC (pre-approval always required, nameplate photos): unitary DX AC/RTU $18-$24 per ton per IEER/SEER2 point improvement; ASHP $40-$45/ton per point; VRF $30/ton per point; PTAC $120/ton, PTHP $220/ton; chillers $28-$630/ton per point by class. Standard deemed: VFDs on HVAC supply/return fans $100-$260 per hp. No deemed RTU tune-up or advanced RTU controls measure in the 2026 brochure.","8-week payment target after installation complete, documentation received, and verification (stated in KEEIA Cycle I Terms & Conditions). Projects <= $15,000 incentive with only Standard measures apply post-installation ('fast incentive check').","KEEIA Cycle I runs through December 31, 2027 or until approved funds are exhausted, whichever comes first; first-come first-served; funds reserved only for pre-approved projects with signed Offer forms (30-day return window); projects must complete within 9 months of Offer. Year-1 spend was ~$8.9M.","https://www.evergy.com/-/media/documents/ways-to-save/incentives/besp/evergy-ks-incentives-brochure.pdf | https://www.evergy.com/-/media/documents/ways-to-save/incentives/besp/evergy-ks-besp-terms.pdf | https://www.evergy.com/ways-to-save/incentives-link/business-energy-savings"
"Kansas","KS","Midwest Energy","co-op","How$mart (on-bill financing, not a rebate program)","Call Midwest Energy (1-800-222-3121); utility performs an energy audit, then a participating contractor completes the work; costs recovered via bill surcharge","yes","yes","Utility energy audit required before project; identifies cost-effective improvements. No published custom M&V/metering protocol.",,"No cash rebates; finances insulation, air sealing, heating/cooling systems, and commercial lighting via on-bill tariff. Commercial terms up to 10 years.","Not applicable - utility pays project cost upfront and recovers via bill surcharge",,"https://www.mwenergy.com/environmental/energy-efficiency/howsmart | https://programs.dsireusa.org/system/program/detail/3187/midwest-energy-gas-and-electric-how-mart-energy-efficiency-finance-program"
"Kansas","KS","Kansas City Board of Public Utilities (KC BPU)","muni",,,"unknown","unknown",,,,,"EnergySmart rebate programs for residential, commercial, and dealer customers have officially concluded; BPU is no longer accepting rebate applications","https://www.bpu.com/ResourcesServices/ProgramsResources/ResidentialRebates.aspx"
"Kentucky","KY","Louisville Gas & Electric / Kentucky Utilities (LG&E and KU, PPL)","IOU","Business Rebates (Commercial Rebates program, part of DSM/EE suite relaunched 2023)","Online LG&E and KU Rebate Center portal (via My Account or guest access); contractors can also apply by phone (800-356-5467)","no","unknown","Not published on program pages; custom projects paid on calculated first-year kWh/kW savings. Metering duration not stated.","$0.03 per first-year kWh saved plus $100 per kW of peak demand reduced (custom projects); Retro-Commissioning pays $0.05 per first-year kWh saved","Chillers $5/ton air-cooled, $3/ton water-cooled; chilled water reset controls $100-$2,000; VFDs $45/hp; Retro-Commissioning covers economizer optimization, ventilation adjustments, temperature resets. No advanced RTU controls or high-efficiency unitary AC line item published.",,"Part of DSM plan suite launched 2023, described by the utility as the largest program suite in company history; customers must be paying into the DSM rate mechanism to participate","https://lge-ku.com/bizrebates | https://lge-ku.com/bizrebates/contractors | https://lge-ku.com/newsroom/press-releases/2025/04/11/lge-and-ku-unveil-new-programs-customers"
"Kentucky","KY","TVA EnergyRight (serving western KY via local power companies, e.g. Warren RECC, Hopkinsville ES, West Kentucky RECC)","statewide administrator","TVA EnergyRight Business & Industry Incentives","Online application portal; Preferred Partners Network (PPN) contractors have access to application tools and often submit for the customer","recommended","above_threshold","Pre- or post-installation inspections may be required; formal Application Approval Notice needed before install for most non-standard projects. Metering duration not published.","Up to $0.10 per annual kWh saved for electric-technology custom measures (lighting $0.13-$0.15/kWh); cap 70% of material cost, max $3,000,000 per organization per TVA fiscal year; $1,500 minimum custom incentive","Unitary AC/heat pumps $80/ton (like-for-like) and $175/ton advanced tier (CEE Advanced Tier); air-cooled chillers $200/ton; VRF $250/ton; ground-source $1,000/ton. RTU/HVAC controls, thermostats and tune-ups referenced as incentive categories but rates not published on the page. Standard HVAC equipment is exempt from pre-approval and can be applied for up to 6 months after installation.",,"TVA fiscal year Oct-Sep; 2025 offered a 15% bonus on select categories for projects submitted by Dec 31, 2025 'while funding lasts'","https://energyright.com/business-industry/incentives/hvac/ | https://energyright.com/business-industry/incentives/applying-for-incentives/ | https://energyright.com/business-industry/industrial-facilities/"
"Kentucky","KY","Duke Energy Kentucky","IOU","Smart $aver (Prescriptive, Custom, and Midstream HVAC)","Online Application Portal or paper application; Midstream HVAC runs through approved HVAC distributors (instant price reduction at distributor)","unknown","above_threshold","Custom program requires pre-approval; an Express Option waives pre-approval for lighting projects under 700,000 kWh estimated savings. Metering duration not published for Kentucky.",,"Kentucky non-residential customers eligible for Smart $aver prescriptive rebates (all rate classes except rate TT). Midstream HVAC program explicitly covers Kentucky, capped at up to 75% of the customer's incremental equipment cost (equipment only, no labor), running through Dec 31, 2028. HVAC maintenance/tune-up incentive advertised at $25/ton (jurisdiction not confirmed for KY).",,"Midstream HVAC program period runs through 12/31/2028","https://mydukeincentives.com/programs/info/36/ | https://www.duke-energy.com/business/products/smartsaver/hvac-incentives | https://www.duke-energy.com/business/products/smartsaver/custom-incentives"
"Kentucky","KY","Kentucky Power (AEP)","IOU","Commercial Energy Solutions (new program from May 2024 DSM filing; predecessor C&I programs were eliminated by a 2018 PSC order except low-income)","Rebate application with Installation Confirmation Form (per program materials); details of portal not published","unknown","unknown",,,"Published commercial measures are lighting-focused (e.g. $15-$30 occupancy sensor rebates); annual cap $50,000 per facility per calendar year. No HVAC prescriptive measures verified.","Check within 45 days of receiving Installation Confirmation Form (per program description)","DSM budget cut from ~$6M to ~$2M by 2018 PSC order; new DSM proposal filed with KY PSC May 1, 2024 to restore residential and commercial programs (~$0.56/month typical residential bill impact if approved)","https://www.kentuckypower.com/company/news/view?releaseID=9485 | https://www.kentuckypower.com/savings/home/targeted-energy-efficiency"
"Kentucky","KY","East Kentucky Power Cooperative (EKPC, G&T for 16 distribution co-ops)","G&T","DSM-EE portfolio; commercial offerings historically thin. 2026 plan filing adds a Commercial Advanced Lighting Program and a Commercial & Industrial Thermostat Program (~$7.49M first-year DSM-EE investment excluding admin)","Through member distribution co-ops; no central portal published","unknown","unknown",,,"Residential-oriented: Heat Pump Retrofit (resistance-heat to high-efficiency heat pump), Button-Up weatherization, SimpleSaver (central AC/water heater demand response). Dollar amounts not published on the EE page. C&I Thermostat program (proposed, 2026) is the first commercial HVAC-controls-adjacent measure.",,"Modified/new DSM-EE plan first full year 2026, ~$7.49M","https://www.ekpc.coop/energy-efficiency"
"Louisiana","LA","Entergy Louisiana (Entergy Solutions)","IOU","Entergy Solutions (Commercial & Industrial Solutions) â€” PAUSED as of mid-2026","Historically trade-ally-supported application with custom calculator submission; program site currently says programs are 'temporarily paused while we onboard a new partner' with 2026 relaunch anticipated","recommended","unknown",,"Prior program (per search-indexed content of entergy-louisiana.com C&I page): $0.16/kWh saved for non-lighting projects in small commercial (<100 kW); $0.11/kWh lighting small commercial; $0.08/kWh lighting in large C&I (>=100 kW) â€” NOT re-verifiable on live site during pause; treat as indicative only","Prior program offered prescriptive incentives for one-to-one equipment upgrades plus custom for complex projects; specific HVAC $/ton rates not verifiable while site is down",,"LEEP Rules 4-year budget cycle began Jan 1, 2026; budget cap 1% of 2023 FERC Form 1 revenue in 2026 rising to max 1.5% by year 4; Entergy Solutions itself paused pending new implementer onboarding","https://www.entergylouisiana.com/energyefficiency | https://lpscpubvalence.lpsc.louisiana.gov/portal/PSC/ViewFile?fileId=b6cLPt7S7qs%3D"
"Louisiana","LA","Entergy New Orleans (Energy Smart)","IOU","Energy Smart (Small Commercial Solutions; Large Commercial & Industrial Solutions; Schools & Universities; CoolSaver Tune-Up) â€” PY16-18 plan covers 2026-2028; regulated by New Orleans City Council, not LPSC","Trade ally submits via Energy Smart trade ally portal; program starts with free energy assessment and advisor support; prescriptive forms + custom applications","recommended","unknown","Custom projects use New Orleans TRM engineering desk reviews; program EM&V uses desk reviews, surveys, on-site M&V and AMI data (metering duration not stated in fetched documents)","$0.08/kWh reduced for qualifying custom measures, capped at incremental measure cost (per search-indexed Energy Smart materials); project cap $200,000/project/year, customer cap $600,000/year across all projects (per Entergy newsroom release)","High-efficiency AC $45/ton; heat pump $55-65/ton; PTAC $65/ton; PTHP $85/ton; air-cooled chiller $40/ton; guestroom HVAC energy management controls $55/room (June 2024 prescriptive list); CoolSaver commercial HVAC tune-up offering; commercial HVAC midstream channel proposed in PY16-18; no advanced RTU controls prescriptive line item found",,"Program Years 16-18 (2026-2028) implementation plan filed June 2025 with City Council; program running since 2010 ($86.7M incentives paid to date)","https://energysmartnola.info/ | https://council.nola.gov/council/media/Assets/Committees/Utility/2025-06-16-ENO-s-App-for-Implementation-Plan-of-Energy-Smart-PY16-18.pdf | https://energysmartnola.info/wp-content/uploads/2024/10/ENO_New-Constructin_Prescriptive_Incentive_List_June2024.pdf"
"Louisiana","LA","Cleco Power (Power Wise / Cleco Solutions)","IOU","Power Wise Commercial Program (small business <100 kW and large C&I >=100 kW tracks; prescriptive + custom)","Project Sponsor (registered contractor/ESCO) submits projects to Cleco; residential/weatherization uses deemed savings reporting with geotagged photo documentation; commercial custom includes engineering evaluation and M&V projects","yes","unknown","Deemed savings per Arkansas TRM for standard measures; custom program includes 'evaluation measurement and verification projects' (metering duration not stated); Cleco field-inspects a sample of installations before payment",,"Commercial prescriptive rebate list exists (site blocks automated fetch; rates unverified). Residential 2026 manual (LEEP PY12): HP $350-600/ton by SEER2 tier, AC $150-250/ton, IQ tiers $450-700/ton, geothermal $1,500","Projects batched to invoices after documentation review and inspection; Cleco processes approved invoices twice monthly (2026 Residential Solutions manual)","2026 manual is 'Louisiana Energy Efficiency Program (LEEP) Program Year 12' (revised May 2026) â€” programs continuing under LEEP; per-Project-Sponsor budget caps; sponsors must verify funds remain in program budget","https://www.cleco.com/docs/default-source/energy-efficiency/contractor/cleco-residential-solutions-program-manual.pdf?sfvrsn=ecea9a9f_43 | https://www.cleco.com/residential-commercial/energy-efficiency-renewables/power-wise/commercial-programs"
"Louisiana","LA","SWEPCO (AEP Southwestern Electric Power Co.)","IOU","Louisiana Commercial Solutions Standard Offer Program (CSOL) â€” 2026 program launched January 19, 2026","Project Sponsors/Market Actors (contractors, ESCOs, HVAC companies) enroll and submit through the P3 portal at swepcola.p3.enertrek.com","yes","unknown","Incentives paid on basis of deemed savings or verified demand and energy savings (standard-offer M&V; metering duration not stated on fetched pages)",,"2026 CSOL covers HVAC systems, smart thermostats, and advanced controls such as VFDs and demand-control measures (per SWEPCO 2026 kickoff release); specific $/kWh and $/ton rates are in program overview docs not retrievable this session","Residential: contractor submits within 45 days of installation; incentives paid directly to contractor. Commercial payment timing not stated","Annual program year; residential 2025 manual states program ends Nov 28, 2025 'or funds depleted' â€” first-come, first-served fund exhaustion behavior","https://www.swepcosolutions.com/programs/business-programs/louisiana-commercial-solutions-standard-offer-program/ | https://swepcosolutions.com/wp-content/uploads/2025/04/2025-SWEPCO-LA-HVAC-Overview.pdf | https://www.swepco.com/company/news/view?releaseID=10627"
"Massachusetts","MA","Mass Save (statewide PA collaborative: Eversource, National Grid, Unitil, Cape Light Compact, Liberty, Berkshire Gas)","statewide administrator","Mass Save Business/C&I programs (Heating & Cooling, Building & HVAC Controls, EBCx/MBCx, Custom Incentives & Technical Support, Upstream C&I HVAC)","Midstream/instant at participating HVAC distributor for unitary equipment (MassSave.com/CIHVAC distributor locator; discount on invoice); Custom Project Application submitted to the customer's electric Sponsor for custom work; online rebate portal masssave.dsmcentral.com used on the residential side","no","above_threshold","Custom projects require documented proposed cost, projected kWh/therm savings, photos/trend data of existing conditions, savings calculations using Mass Save tools/Technical Assistance Studies and TMYx weather files; sponsor technical review averages ~40 days. Specific metering duration (e.g., 7-day vs 30-day) not published on public pages.",,"Instant (midstream) incentives eff. 1/1/2025: air-source AC $50/ton Tier 1, $150/ton Tier 2 (e.g., 18.0 IEER for 5.4-11.3 ton class); water/evap-cooled AC $50/ton; water-source HP $80-$200/ton; water-cooled VRF $250-$350/ton; PTHP $350/unit; dual enthalpy economizer controls $250/unit with new qualifying equipment; ECM circulator pumps $100-$400/unit; commercial HPWH $1,000-$2,200/unit. Masssave.com business AC page cites 'up to $150/ton' air-source and 'up to $200/ton' water-cooled.","Instant at point of purchase for midstream equipment measures; custom project payment timeline not published (technical review alone averages ~40 days, payment after post-installation verification)","Statutory 3-year plan under the Green Communities Act: 2025-2027 plan approved by DPU Feb 28, 2025 at ~$4.5B (DPU cut $500M from the proposed $5.0B); annual measure/incentive updates each Jan 1; mid-cycle restructuring of commercial heat pump offers announced for Jun-Jul 2026","https://www.masssave.com/business/rebates-offers-services | https://www.masssave.com/-/media/Files/PDFs/Business/Massachusetts-Instant-HVAC-Incentives-Qualified-Products.pdf | https://www.masssave.com/business/programs-and-services/custom-incentives-and-technical-support/custom-incentives | https://www.masssave.com/business/rebates-offers-services/heating-and-cooling/air-conditioning"
"Massachusetts","MA","Eversource (MA)","IOU","Mass Save C&I programs (Eversource is the largest MA electric Sponsor; custom projects are submitted to and reviewed by Eversource as the customer's electric Sponsor)","Same as Mass Save statewide: midstream distributor for prescriptive unitary HVAC; Custom Project Application to Eversource for custom measures","no","above_threshold","Per Mass Save custom process: trend data/photos of existing conditions, engineering calculations, ~40-day average sponsor technical review; metering duration not published",,"Statewide Mass Save instant HVAC incentive schedule (see Mass Save entry); commercial heat pump projects >35 tons become custom effective 6/1/2026 and all commercial HP projects require pre-approval (Rebate Commitment Letter, valid 4 months) effective 7/1/2026",,"2025-2027 statewide plan, ~$4.5B approved Feb 2025","https://www.masssave.com/business/rebates-offers-services/heating-and-cooling/heat-pumps"
"Massachusetts","MA","National Grid (MA)","IOU","Mass Save C&I programs (second-largest MA electric Sponsor; same statewide offers, custom applications reviewed by National Grid for its customers)","Same as Mass Save statewide: midstream distributor for prescriptive; Custom Project Application to National Grid","no","above_threshold","Per Mass Save custom process (trend data, engineering review ~40 days); metering duration not published",,"Statewide Mass Save instant HVAC schedule; dual enthalpy economizer controls $250/unit; commercial HP >35 tons custom from 6/1/2026, pre-approval from 7/1/2026",,"2025-2027 statewide plan, ~$4.5B approved Feb 2025","https://www.masssave.com/business/rebates-offers-services/heating-and-cooling/heat-pumps | https://www.masssave.com/-/media/Files/PDFs/Business/Massachusetts-Instant-HVAC-Incentives-Qualified-Products.pdf"
"Massachusetts","MA","Unitil (Fitchburg Gas & Electric)","IOU","Mass Save C&I programs (small IOU Sponsor, north-central MA)","Same statewide Mass Save channels","no","above_threshold","Per Mass Save custom process; metering duration not published",,"Statewide Mass Save instant HVAC schedule",,"2025-2027 statewide plan","https://www.masssave.com/-/media/Files/PDFs/Business/Massachusetts-Instant-HVAC-Incentives-Qualified-Products.pdf"
"Massachusetts","MA","Cape Light Compact (Cape Cod & Martha's Vineyard aggregator; Sponsor of Mass Save)","muni","Mass Save C&I programs delivered by the Compact for Cape/Vineyard customers","Same statewide Mass Save channels (midstream distributor; custom via Compact as Sponsor)","no","above_threshold","Per Mass Save custom process; metering duration not published",,"Statewide Mass Save instant HVAC schedule",,"2025-2027 statewide plan","https://www.masssave.com/-/media/Files/PDFs/Business/Massachusetts-Instant-HVAC-Incentives-Qualified-Products.pdf"
"Maryland","MD","Baltimore Gas & Electric (BGE)","IOU","BGE Smart Energy Savers Program - Energy Solutions for Business (EmPOWER Maryland)","Online Application Center portal (bgeiconline.customerapplication.com), ICF-administered; separate midstream instant-discount channel through participating HVAC distributors","recommended","yes","Custom projects require pre-approval with supporting savings documentation and possible site inspection pre- and post-install; metering duration not stated on fetched pages","$0.28/kWh saved; up to 50% of total cost for retrofit projects and up to 75% of the incremental cost for new construction / end-of-life replacement","Unitary systems, chillers, VFDs, and HVAC controls categories advertised (up to 50% of measure cost); specific prescriptive $/ton rates not published on fetched pages. Midstream instant discounts: $375/ton commercial AC/heat pumps, $750/ton electrification ASHP, $150-300/ton mini-splits, $75 smart thermostats, $1,200-1,500 HPWH - applied at point of sale by participating distributors","Incentive check within 6-8 weeks after project completion and payment approval; midstream discounts instant at distributor","EmPOWER 2024-2026 program cycle (per BGE CHP manual '2024 to 2026'); cycle ends Dec 2026 with legislated restructuring pending","https://bgesmartenergy.com/business/business-programs/energy-solutions-business/hvac-systems | https://bgesmartenergy.com/business/business-programs/energy-solutions-business/custom-measures | https://bgesmartenergy.com/business/business-programs/instant-discounts/instant-hvac-discounts"
"Maryland","MD","Pepco (Potomac Electric Power Company)","IOU","Pepco Energy Savings for Business Program (EmPOWER Maryland)","Online Application Center portal (ICF-administered); customer or Service Provider submits; midstream distributor channel for some equipment","recommended","yes","All projects require pre-approval before purchase. Custom measures require a scoping call with the program office to establish baseline and any trend data needed to verify savings; an energy model or other savings calculation is required for pre-approval; site and post-installation inspections may be required. Metering duration not stated. Unitary HVAC projects with incentive <= $15,000 get instant pre-approval","$0.29/kWh first-year savings (raised from $0.25 in Aug 2025 per program What's New page; Oct 2025 HVAC tech sheet still shows $0.28/kWh for custom VFD measures), capped at 50% of installed cost; must pass Societal Cost Test. Electrification bonus $1.70/therm with 75% cost cap","Unitary AC $300/ton (SEER2 15.2 tier for <5.4 ton), ASHP $500/ton, VRF HP $500/ton, mini-split HP $500/ton, dual-enthalpy economizer +$200/unit, VFDs $500-$5,000/unit by HP, smart thermostats $100, hotel room HVAC controls $140/room, chillers $15-25/ton base. No advanced RTU controls prescriptive measure. Limited-time 40% incentive increase on qualifying HVAC equipment (pre-approval required)","Incentive check distributed after final approval processing following post-installation review; specific day-count not published","EmPOWER 2024-2026 cycle; program tracked in lifecycle metric tons CO2-e; CHP program closed to new applications Jan 1, 2025","https://homeenergysavings.pepco.com/sites/default/files/public/Pepco_CI_Tech_Sheet_HVAC.pdf | https://homeenergysavings.pepco.com/md/business/whats-new-program | https://homeenergysavings.pepco.com/md/business/mlb-incentives"
"Maryland","MD","Delmarva Power","IOU","Delmarva Power Energy Savings for Business Program (EmPOWER Maryland)","Online Application Portal with Custom Calculator (same ICF/Exelon platform as Pepco)","recommended","yes","Mirrors Pepco design (same Exelon/ICF administration); custom projects require pre-approval and savings documentation; metering duration not stated on fetched pages","$0.29/kWh (updated from $0.25); program advertises coverage of 40-70% of total project cost, medium/large business incentives up to 50% of total project cost","Prescriptive HVAC replacement incentives with a limited-time 40% incentive increase (pre-approval must be obtained Feb 26 - Sep 30, 2026); measure-level $/ton rates not captured from a fetched document",,"EmPOWER 2024-2026 cycle","https://homeenergysavings.delmarva.com/md/business/mlb-incentives | https://homeenergysavings.delmarva.com/md/business/whats-new-program"
"Maryland","MD","Potomac Edison (FirstEnergy)","IOU","Energy Solutions for Business / Energy Save Maryland (EmPOWER Maryland), administered by CLEAResult","Online Salesforce portal (cr101.my.salesforce-sites.com/energysavemd) or via program administrator (energysaveMD@clearesult.com, 855-801-5803); midstream instant HVAC discounts at participating distributors","unknown","yes","Formal pre-approval letter required before purchase/install; application requires savings calculator workbook, cost estimate with equipment/labor breakdown, spec sheets, W-9, and recent bill; metering duration for custom projects not stated","Custom Equipment program exists for measures not covered by prescriptive paths; program advertises incentives covering up to 50% of HVAC project costs; $/kWh rate not published on fetched pages","Flat per-unit / per-ton prescriptive incentives for air conditioners, chillers, heat pumps, PTACs/PTHPs (rates in separate PDF not captured); midstream instant discounts increased through Dec 15, 2026; no advanced RTU controls or tune-up measure found on the HVAC page",,"Equipment must be purchased/installed after Jan 1, 2024 (2024-2026 EmPOWER cycle); increased midstream incentives run through Dec 15, 2026","https://energysavemd-bizsolutions.com/potomac-edison/heating-ventilation-and-air-conditioning/ | https://energysavemd-bizsolutions.com/potomac-edison/incentives/"
"Maryland","MD","SMECO (Southern Maryland Electric Cooperative)","co-op","SMECO Business Solutions (EmPOWER Maryland), ICF-administered","Application Center portal; Business Solutions representative assists; tune-ups delivered through SMECO-approved service providers","yes","unknown","Custom measures must have verifiable electric energy savings, exceed prescriptive/code/standard-practice baselines, and pass program cost-effectiveness criteria; up to $5,000 available for energy modeling/savings-calculation assistance; metering duration not stated","Up to 75% of incremental cost of replacing old equipment for custom (and prescriptive) measures; $/kWh rate not published on fetched pages","Prescriptive HVAC equipment incentives (rates on application forms, not captured); free commercial HVAC tune-up program for DX AC/heat pump units (coil cleaning, filters, refrigerant charge verification; once per unit every 3 years) delivered by approved contractors at no cost",,"EmPOWER 2024-2026 cycle","https://www.smeco.coop/energy-efficiency/commercial-programs/business-solutions/ | https://www.smeco.coop/energy-efficiency/commercial-programs/building-hvac-tune-ups/hvac-tune-up/"
"Maine","ME","Efficiency Maine Trust","statewide administrator","C&I Prescriptive Program and C&I Custom Program (PON-EM-001-2026)","Prescriptive: project submitted through an Efficiency Maine Qualified Partner with acceptance of program Terms & Conditions during project approval; Custom: signed electronic Project Application Cover Sheet + application package emailed to custom@efficiencymaine.com per PON-EM-001-2026","yes","yes","Custom: all applications undergo engineering review by an independent firm retained by the Trust to validate projected savings; all recipients must agree to independent third-party verification of project completion and kWh savings under terms set per project; post-installation inspection required before final payment. No fixed metering duration (e.g. 7-day/30-day) is published in the PON.","$0.30/kWh of validated annual electric savings + $25/MMBtu annual fuel savings ($50/MMBtu for beneficial electrification/heat recovery); capped at 50% of net cost for retrofits (75% of incremental cost for new construction/end-of-useful-life); $5,000 min ($10,000 min for facilities over 400 kW peak) to $1,000,000 per entity per fiscal year (up to 3 years of cap on one project); simple payback must exceed 1.0 year after incentive","Advanced Rooftop Controls is a TRM C&I Prescriptive measure (requires VFD controlling RTU supply fan speed on existing constant-volume RTUs); Prescriptive VFDs for HVAC $400-$2,300/unit; heat pump RTUs $28-$168/MBH by project type; single-packaged heat pumps $2,200-$6,500/unit; VRF $3-$12/sq ft; mini-split heat pumps $750-$1,500/unit; ERVs $1.50-$2.50/CFM; all HVAC projects require pre-approval before equipment purchase","Custom incentives under $200,000: single payment after project completion, invoices, and satisfactory post-installation inspection; over $200,000: milestone-based progress payments with final payment (at least 10%) held until final inspection. Prescriptive payment timeline not published.","Trust fiscal year July 1-June 30 (FY26 = 7/1/2025-6/30/2026); Custom PON is a competitive solicitation open until program funding is exhausted; Trust awards only if sufficient funding remains in the C&I Custom budget and may prioritize among compliant applications when funding is limited","https://www.efficiencymaine.com/at-work/ | https://www.efficiencymaine.com/custom-efficiency-projects/ | https://www.efficiencymaine.com/docs/PON-EM-001-2026-Efficiency-V1.pdf | https://www.efficiencymaine.com/commercial-hvac-incentives/"
"Maine","ME","Central Maine Power (Avangrid)","IOU",,,"unknown","unknown",,,,,,"https://www.cmpco.com/smartenergy/efficiencyresources/efficiencymaine | https://www.efficiencymaine.com/at-work/"
"Maine","ME","Versant Power","IOU",,,"unknown","unknown",,,,,,"https://www.efficiencymaine.com/at-work/"
"Michigan","MI","DTE Energy (DTE Electric / DTE Gas)","IOU","DTE Energy Efficiency Program for Business (2026)","Online application with digital signature via Conga; reservation application first for custom and some prescriptive measures, then final application with invoices/spec sheets. Rebate catalog + application PDFs on dteenergy.com; Energy Advisor line 855-748-2525.","no","above_threshold","All custom projects require a reservation application submitted while existing equipment is still operating so baseline can be verified, plus a Custom Incentive Calculation Plan (CICP) agreed with DTE (except lighting/compressed air). Savings via engineering algorithms, metering, or calibrated modeling; DTE reserves the right to require pre/post monitoring and to base payment on results. No fixed metering duration published.","Custom $/kWh rate not published in the 2026 catalog (set in the application/reservation process); custom rebates capped at 75% of custom measure cost; project must have simple payback > 1 year. Customer annual limits: $2,000,000 electric / $500,000 gas.","Unitary/split AC replacement HE-2 to HE-6 & HE-70 ($/ton, tiers e.g. 12 EER/19 IEER for 5.4-11.3 ton; 12.5 EER/15.5 IEER for 20-63 ton); air-side economizer retrofit HE-41 ($/ton); web-based EMS HE-28 (per 1,000 sq ft, reservation required); optimum start HE-58; HVAC occupancy sensor HE-37; chiller plant optimization HE-57; VFD measures HE-39/69 etc.; HVAC tune-ups: HE-48 RTU refrigerant charging correction ($/ton), HE-49 DX coil cleaning, HE-50 chiller tune-up. No advanced RTU controls (compressor-cycling) prescriptive measure. Dollar amounts live in the rebate application, not the catalog.","Rebate checks expected 4-6 weeks after project final approval","Calendar program year; final 2026 applications due Nov 30, 2026; funds limited and first-come (reservation holds funds 90 days or until Nov 30, whichever first)","https://www.dteenergy.com/content/dam/dteenergy/deg/website/business/energy-efficiency/pdf/EERebateCatalog.pdf | https://www.dteenergy.com/us/en/business/energy-efficiency/getting-started/rebate-programs/Energy-Efficiency-Programs-for-Business/equipment-upgrade.html"
"Michigan","MI","Consumers Energy","IOU","Consumers Energy Business Energy Efficiency Programs (implemented by CLEAResult)","Downloadable Incentive Application forms (Pre-Notification Application then Final Application) from ConsumersEnergy.com/StartSaving; program team via 888-674-2770 / BusinessEnergyEfficiency@CMSEnergy.com. Also a midstream 'Business Instant Discount' program through participating distributors for select equipment.","recommended","above_threshold","Custom (CU101/CU102) requires Pre-Notification; applicant must supply technical data, measurements and calculations; savings paid on first-year kWh/Mcf. VFD custom projects require a minimum of 7 continuous days of line-side power monitoring before (retrofit) and after installation, metering recommended every 15 seconds. Pre/post inspections at program discretion.","$0.10/kWh first-year electric savings (per catalog's worked custom example); custom incentives capped at 50% of total project cost. Prescriptive capped at 75% of project cost. Customer annual limits: $2,000,000 electric / $1,000,000 gas. 20% bonus for Michigan-made products.","Two-Speed RTU Supply Fan Control (VF111, per nominal ton, RTU must run >2,000 hrs/yr); ECM on RTU condenser fans (VF302); Unitary/split AC & HP replacement (HV101 etc., $/ton); high-efficiency chillers (HV203-205); RTU/furnace tune-up (TU106, >=40 MBH); chiller tune-up (TU201, >=20 tons); VFD measures. Dollar amounts are in the Incentive Application, not the catalog. No compressor-cycling/advanced RTU controls prescriptive measure; catalog notes automated-control technologies may qualify under custom.","Allow 6-8 weeks to receive incentive check after complete Final Application approved; Final Application due within 60 days of project completion","Annual program year; incentive caps applied per program year in which incentive is paid; funds limited to encourage equitable distribution","https://consumers-energy.clearesult.com/media/wysiwyg/consumers_energy/Consumers_Energy_Incentive_Catalog_1.pdf | https://www.consumersenergy.com/business/savings-and-energy-solutions/rebates-and-discounts"
"Michigan","MI","Efficiency United","statewide administrator","Efficiency United C&I energy efficiency programs (administered by CLEAResult for ~20 smaller MI utilities: Michigan Gas Utilities, Upper Michigan Energy Resources, Xcel Energy, Alpena Power, Indiana Michigan Power, and many municipal utilities e.g. Grand Haven BLP, Dowagiac, Gladstone)","PDF rebate applications downloaded from efficiencyunited.com / eu.clearesult.com and submitted to CLEAResult","unknown","unknown",,,"C&I prescriptive incentives for energy-efficient equipment exist (site confirms C&I solutions and 2026 rebate applications); measure-level detail not captured in this pass. Third-party summaries indicate a C&I custom program (e.g. MGU custom ~40% of cost up to $10,000 with pre-approval) but these figures were not verified on a fetched primary page - treat as unconfirmed.",,"2026 applications posted (calendar program year)","https://eu.clearesult.com/ | https://efficiencyunited.com/"
"Michigan","MI","Indiana Michigan Power (AEP) - Michigan service territory","IOU","Electric Ideas business programs (Prescriptive, Custom, Small Business Direct Install)","electricideas.com online applications; free on-site evaluation by I&M Energy Managers or Trade Allies, then application submission","recommended","yes","Custom projects may require pre- and post-monitoring to verify energy savings (duration not stated); project completion within 120 days of incentive offer acceptance","Custom: up to $0.07/kWh first-year savings, up to 75% of project cost, capped $250,000/site and $500,000/company, first-come first-served. NOTE: I&M's custom page describes the program for Indiana C&I customers; I&M's Michigan customers appear on Efficiency United's participating-utility list, so MI applicability needs confirmation.","Prescriptive program covers HVAC equipment and VFDs (incentives max 75% of project cost); SBDI direct-install capped $3,000/site, $21,000/company per program year; 2026 applications due Dec 15, 2026","Incentive check sent in up to 6 weeks after final documentation review (custom program)","Calendar program year; 2026 applications due Dec 15, 2026; SBDI funds limited, first-come first-served","https://electricideas.com/at-work/custom-incentives/ | https://electricideas.com/at-work/"
"Minnesota","MN","Xcel Energy (Northern States Power)","IOU","Business Energy Efficiency Programs: Prescriptive Equipment Rebates (HVAC-R), Efficiency Controls, Custom Efficiency, One-Stop Efficiency Shop (small business <400 kW, run by Center for Energy and Environment)","PDF application + paid itemized invoice emailed to energyefficiency@xcelenergy.com (or fax/mail to Business Solutions Center); some small DX units <20 tons moved to an online product; Efficiency Controls and custom projects submit application/workbook to account manager or BSC@xcelenergy.com","no","above_threshold","Custom Efficiency requires application receipt before project start with engineering estimate of savings (Xcel states custom projects 'no longer require pre-approval', only prior application receipt); Efficiency Controls custom analysis applies a 50% project-cost reduction to exclude non-energy costs before rebate calc; no metering duration published in fetched documents","Custom Efficiency: up to $450/system-peak kW saved + $200/kW for off-peak demand reduction in excess of on-peak; persistent energy savings $0.02/kWh; custom gas $5/Dth; audit-implementation track pays $0.04/kWh; maximum rebate 60% of total project cost (prescriptive rules state rebates cannot exceed 60% of project cost incl. equipment and labor)","DX condensing/rooftop/split systems: $50/ton + $4 per 0.1 EER above minimum + $3 per 0.1 IEER above minimum (min 10.9-11.3 EER by size); chillers $7-$10/ton + efficiency adders; RTU economizer + demand-controlled ventilation $35/ton (Efficiency Controls application); pneumatic-to-wireless DDC thermostats $100/thermostat; guest room EMS thermostats $50; ERV $1-2/CFM; VFDs on HVAC fans/pumps","Rebate payments usually 6-8 weeks after application processed; paid by check, direct deposit, or bill credit","ECO Act triennial plan; current rebate materials cover 2024-2026 program cycle","https://www.xcelenergy.com/staticfiles/xe-responsive/Programs%20and%20Rebates/Business/MN-HVAC_R-application.pdf | https://www.xcelenergy.com/staticfiles/xe/Marketing/Files/MN-Business-Program-Summary.pdf | https://www.xcelenergy.com/staticfiles/xe-responsive/Business%20Programs%20&%20Rebates/17-9167%20(01-24)%2023-12-509_MN-EMS-PrescriptiveRebates_P04.pdf"
"Minnesota","MN","Minnesota Power (ALLETE)","IOU","Business Rebates & Savings (Power of One Business) - prescriptive rebates plus Customized Projects and New Construction Rebates","Online application portal for prescriptive; custom program application for Customized Projects; separate Participating HVAC Contractor Portal exists for contractors","recommended","above_threshold","Custom projects require application before work begins; projects must be verified and invoices submitted; 'may require pre- and post-energy use verification' - no metering duration published",,"Published prescriptive HVAC list is heat-pump-centric: cold climate ASHP $1,000, standard ASHP $400, heat pump tune-up $25, ECM circulator pump $100; no RTU controls or unitary AC $/ton measure listed on business rebates page","Rebate checks typically issued within 6-8 weeks after project verified and processed","Incentives contingent upon availability of program funding (annual CIP/ECO budget); no published fund-status tracker","https://www.mnpower.com/ProgramsRebates/BusinessIncentives"
"Minnesota","MN","Otter Tail Power","IOU","Commercial rebate programs + Custom Efficiency Grants","Fillable PDF rebate forms (2024-2026 and 2026 program-year forms) downloaded from otpco.com and submitted to the utility; custom grants arranged through an Energy Management Representative","unknown","yes","Custom grants require preapproval with a custom energy-savings proposal, completion within six months of approval, and 'measurement and verification of actual energy savings (for certain projects)' - no metering duration stated","Custom grant amounts calculated from kWh saved, kW reduced, and project costs; capped at 75% of project costs or 90% of project incremental costs (other caps may apply)","Prescriptive electric commercial equipment rebate form (2026) and ENERGY STAR air conditioner rebates exist; specific $/ton amounts are in fillable PDF forms not extracted here",,"2024-2026 form vintages indicate a triennial ECO program cycle","https://www.otpco.com/rebates-and-efficiency-programs/programs/custom-grants/ | https://www.otpco.com/ways-to-save/programs/rebates-commercial/"
"Minnesota","MN","Dakota Electric Association (Great River Energy member co-op)","co-op","Energy Wise Rebates (business) + Custom EnergyGrant","Downloadable PDF rebate forms per category (HVAC, lighting, custom); contact Energy Experts line 651-463-6243; EV and some measures pre-approval only","unknown","above_threshold",,,"HVAC rebates for RTUs, condensing units, split systems, chillers, VAV systems, PTACs, ASHP/GSHP, and economizers, 'paid on a $/ton basis' with additional incentives for exceeding minimum efficiency; exact $/ton values live in the downloadable form (not extracted)",,"Limited funds available, awarded first-come first-served; amounts and programs subject to change without notice","https://www.dakotaelectric.com/member-services/programs-rebates/for-your-business/energy-wise-rebates/"
"Missouri","MO","Ameren Missouri","IOU","BizSavers (Business Energy Efficiency, MEEIA)","Downloadable incentive applications from AmerenMissouri.com/GetStarted, submitted to BizSavers team (info@bizsavers.ameren.com); Trade Ally Network directory at TradeAllyNetwork.com; instant/midstream path exists for LEDs and smart thermostats","recommended","yes","Custom: pre-approval before purchase/install, cost-benefit test in application, pre-incentive simple payback must exceed 12 months, incentive trued up to estimated savings after completion and verification; post-installation inspection required for incentives >= $15,000. No specific metering duration (7-day/30-day) published in fetched documents.","Custom incentives capped at 50% of total project cost (early replacement) or 100% of incremental cost (end-of-life/new equipment); savings-based, no public flat $/kWh rate in fetched docs (RCx track: $0.06-$0.18/kWh for upgrades plus $0.01-$0.03/kWh study incentive per search-result summary - verify); prior-cycle cap $3,000,000 per customer per cycle","2026 Standard brochure: Advanced RTU Controls ~$120-$140/ton (requires economizer + supply-fan VFD + DCV, retrofit of existing unit); Demand Controlled Ventilation $80-$153/ton by heat type; unitary AC/DX $102-$175/ton by size class ($10/ton >760 kBtu); air-cooled chiller $58-$167/ton; standard HVAC measures require pre-approval prior to purchase","Incentive check issued within 45 days of receipt and approval of all project documentation (cash or bill credit)","MEEIA cycle; $51M/yr invested 2025-2026 across DR+EE per Ameren press release; 2024 BizSavers budget was fully allocated mid-cycle with new projects queued first-come-first-served contingent on budget","https://www.tradeallynetwork.com/wp-content/uploads/Standard_Brochure_Print_Current.pdf | https://www.ameren.com/-/media/missouri-site/files/energy-efficiency/business/custom-incentive-guidelines.ashx | https://www.ameren.com/missouri/business/energy-efficiency/incentives"
"Missouri","MO","Evergy Missouri (Metro + West)","IOU","Business Energy Savings Program (MEEIA Cycle IV)","Downloadable Excel application submitted by email to businessrebates@evergy.com (or via business development rep); no online portal identified","no","above_threshold","Standard: apply after install if incentive <= $15,000; pre-approval required above $15,000. Custom: pre-approval before purchase/install, program may require demand/energy analysis, Evergy independently reviews and can adjust savings; pre- and post-installation inspections at program discretion; third-party evaluator on-site verification; follow-up visits up to 24 months. No stated metering duration.","Custom levels by end use reportedly no lower than $0.04/kWh and no higher than $0.45/kWh annual savings (search-result summary of program docs - verify against current custom application); incentives capped by approved final project cost; max $500,000 per customer (tax ID) per year","Standard incentives (MO): unitary AC/DX $18-$24 per ton per SEER2/IEER point improvement; ASHP $40-$45/ton per point; VRF $30/ton per point; PTAC $120/ton, PTHP $220/ton; chillers $28-$630/ton per point by type; HVAC supply/return fan VFDs $100-$260/hp; NO advanced RTU controls or tune-up measure listed; lighting measures (except controls) NOT eligible in MEEIA Cycle IV","Evergy expects to pay incentive within 8 weeks after completion, documentation receipt, and verification","MEEIA Cycle IV ends December 31, 2026 or until approved funds exhausted, whichever comes first; docs due within 90 days of completion; terms changeable without notice","https://www.evergy.com/-/media/documents/ways-to-save/incentives/evergy-terms-final.pdf | https://www.evergy.com/-/media/documents/ways-to-save/incentives/besp/evergy-standard-incentives-brochure.pdf | https://www.evergy.com/ways-to-save/incentives-link/business-energy-savings"
"Missouri","MO","Liberty Utilities (Empire District)","IOU","Commercial & Industrial Energy Efficiency Rebates","Fillable application form via website; program administered by ICF (libertymocommercial@icf.com, 1-833-286-0861)","unknown","unknown",,"Prescriptive and custom rebates both offered; incentives available up to $250,000 (per program page); rates not published on fetched pages","HVAC equipment included in prescriptive rebate offering per program page; specific $/ton rates not published on fetched pages",,,"https://central.libertyutilities.com/all/residential/ways-to-save/missouri-electric-energy-efficiency-programs-commercial-central-liberty.html"
"Missouri","MO","City Utilities of Springfield","muni","Commercial Energy Efficiency Rebate Program",,"unknown","unknown",,,"Small prescriptive rebates (approx $35 refrigerator to $150 programmable thermostat per DSIRE-derived summaries); no meaningful commercial RTU/unitary program identified in fetched sources",,,"https://programs.dsireusa.org/system/program/detail/2702/city-utilities-of-springfield-commercial-energy-efficiency-rebate-program"
"Mississippi","MS","Entergy Mississippi","IOU","Entergy Solutions for Business","Online incentive application tool at entergymsbusinessrebates.com; program team reachable by email (entergybusinesssolutions@icf.com, ICF-implemented)","yes","unknown","Custom projects 'must show specific and verifiable energy savings'; metering duration not published on program pages","Up to $0.25/kWh saved (per-project calculation); cost cap not published","Prescriptive rebates for lighting, HVAC, HVAC single-speed chillers, HVAC VFDs and other equipment; no advanced RTU controls or $/ton unitary rates published on the public page",,,"https://www.entergymississippi.com/energyefficiency/business/solutions | https://www.entergymississippi.com/energyefficiency/residential/heating-cooling"
"Mississippi","MS","Mississippi Power","IOU","Commercial Energy Efficiency Program (Small Business Program + Large Commercial and Industrial Program)","Small Business: PDF form + email to waystosave@mississippipower.com (or mail); Large C&I: 'Large Commercial Customer application' with approval confirmed by email, plus online portal/PDF forms for standard rebates","no","above_threshold","Small-business HVAC form requires AHRI certificate, invoice, W-9, and allows on-site verification inspection within 60 days; custom Large C&I M&V/metering requirements not published",,"Commercial HVAC Replacement Rebate: $75/ton for 15+ SEER high-efficiency AC, $100/ton for 15+ SEER heat pump (min SEER 15, state-licensed contractor); commercial smart thermostat up to $100/thermostat; Large C&I covers HVAC, chillers, EMS as custom measures","Small business: rebate credited to Mississippi Power account within 120 days of submission; Large C&I: submit final invoice within 120 days of approval, payment within six weeks","Program year Jan 1 - Dec 31 'or until rebate budget is depleted'; limited funding, first-come first-served","https://www.mississippipower.com/business/ways-to-save/large-commercial-and-industrial-program.html | https://www.mississippipower.com/content/dam/mississippi-power/pdfs/business/commercial-ee-program/small-biz/MPC-Commercial-HVAC-Replacement-Rebate-Form.pdf"
"Mississippi","MS","TVA EnergyRight (serving north Mississippi local power companies/co-ops, e.g. Tupelo, Corinth, Oxford areas)","statewide administrator","TVA EnergyRight Business & Industry Incentives","Online Application via TVA EnergyRight; TVA Energy Expert assistance at (866) 233-0450; contractor can be from Preferred Partners Network","recommended","above_threshold","Custom incentive of $0.18/kWh on first year's energy savings requires pre-approval; metering duration not stated on public pages; 730-day installation window after Application Approval Notice","$0.18/kWh on first year's energy savings; incentives capped at 70% of material cost, max $3,000,000 per organization per TVA fiscal year","Unitary AC/HP $80/ton (standard, like-for-like), Advanced Tier AC/HP $175/ton, air-cooled chillers $200/ton, VRF/dual-fuel $250/ton, GSHP $1,000/ton; commissioning $0.05/kWh; VSDs $100/hp; standard HVAC needs NO pre-approval and can be applied for up to 6 months after installation ($150 minimum incentive)",,"TVA fiscal year Oct-Sep; 15% bonus on select categories for projects submitted by Dec 31, 2025 'while funding lasts'","https://energyright.com/business-industry/incentives/hvac/ | https://energyright.com/business-industry/incentives/ | https://energyright.com/business-industry/incentives/applying-for-incentives/"
"Montana","MT","NorthWestern Energy","IOU","E+ Commercial Electric Rebate Program (prescriptive, Form 4029) and E+ Business Partners Program (custom / commercial standard offer)","Prescriptive: PDF application mailed to P.O. Box 1167 Helena MT or emailed to nwecommercialrebates@dnv.com (DNV administers); no portal. Custom: written project proposal mailed/emailed to E+Programs@NorthWestern.com (DSM Dept, Butte MT).","no","no","Prescriptive: none (invoice + possible site verification before payment). Business Partners custom: full engineering proposal with monthly kWh/kW savings estimates, simple payback and life-cycle cost analysis; NorthWestern may install its own metering/monitoring equipment and retains facility access for 24 months after start-up; no fixed metering duration (e.g. 7-day/30-day) is published.",,"FY2026 list (Aug 2025-Jun 2026): Wi-Fi thermostat $50/unit (electric heat only, excludes 24/7 facilities), fan VFD $75/motor HP, pump VFD $75/HP, demand-controlled ventilation $40/1,000 sq ft, kitchen hood DCV controls $1,000/hood, air curtains $2,000/unit, ECM motors $50/HP. NO unitary AC/heat pump/RTU $/ton measure and NO advanced RTU controls measure on the list.","Paid within 4-6 weeks of completed application + verification (stated in Terms and Conditions)","Program year Aug 1, 2025 - Jun 30, 2026; funds limited, first-come first-served; incentives subject to change without notice. Business Partners runs on continuing RFPs until program funds exhausted. Former Energy West Montana / Cut Bank Gas customers ineligible; 'Choice' supply customers ineligible.","https://www.northwesternenergy.com/docs/default-source/default-document-library/account-services/business-services/northwestern-energy---montana-e-commercial-electric-rebate-program.pdf | https://www.northwesternenergy.com/docs/default-source/default-document-library/account-services/business-services/e-business-partners-program-desciption.pdf | https://www.northwesternenergy.com/account-services/for-business/energy-efficiency-for-business/rebates-incentives/commercial-electric-rebates"
"Montana","MT","Montana-Dakota Utilities (MDU)","IOU","Montana Commercial Lighting Program (prescriptive+custom) and Electric Commercial Partnership Program (custom); commercial natural gas custom program","PDF rebate application forms submitted to MDU; custom projects submitted for pre-approval before work begins; payment by check.","unknown","yes","Electric Commercial Partnership: rebate calculated from energy savings and project economics; measurement and verification may be required and payments may be reduced based on verified savings; no metering duration published.",,"No prescriptive electric HVAC/AC/RTU measures found on the business page (lighting is the main electric prescriptive track); gas side lists high-efficiency furnace $300 (95%+ AFUE). Lighting projects over $1,000 require pre-approval.","Check issued within 4-6 weeks","Annual funding limited; gas programs funded March 1 - February 28; large customers per MCA 69-8-103(15) ineligible","https://www.montana-dakota.com/energy-efficiency/savings-for-your-business/"
"Montana","MT","Flathead Electric Cooperative","co-op","Commercial Rebate Programs (lighting via BPA Northwest Trade Ally Network, HVAC, shell measures, kitchen equipment, custom projects)","Online 'Apply for an Efficiency Project' Commercial Project Inquiry Form on flatheadelectric.com; lighting routed through the BPA-sponsored Northwest Trade Ally Network (contractor-involved); custom projects designed with co-op energy services staff.","recommended","unknown",,,"Page states commercial HVAC measures 'currently available for a variety of energy efficient HVAC technologies with new programs being developed' but publishes no dollar amounts; commercial insulation (R-0 to R-5 baseline) and windows (electrically heated buildings <20,000 sq ft) offered; custom projects available for anything not listed.",,"BPA-funded (Bonneville Power Administration); co-op reports $3.2M in efficiency incentives returned to members historically; no published exhaustion behavior","https://www.flatheadelectric.com/energy-solutions/energy-efficiency-rebate-programs/commercial-rebate-programs/"
"North Carolina","NC","Duke Energy Carolinas","IOU","Smart $aver (Prescriptive Rebates, Custom Incentives, Performance Incentive Program)","Duke Online Application Portal, or Carolinas Non-Lighting paper application (PDF/Word) by mail; custom track adds savings-calculation worksheets or 'Smart $aver Tools' online calculators","no","yes","Prescriptive: none (post-installation application). Custom: engineering calculations reviewed by Duke, ~20-calendar-day evaluation to preliminary offer; strict pre-commitment rule (signing a contract or PO before the offer letter voids eligibility); Express option (no pre-approval) exists only for lighting <700,000 kWh. Performance track (for unproven/uncertain technologies): agreed measurement & verification plan, two-part payment, measurement period typically 12 months; 4-6 weeks application processing.","$0.075/kWh + $170 per winter-peak kW (Carolinas, HVAC Controls/HVAC Equipment category; chillers $0.095/kWh + $195/kW; whole-building $0.125/kWh + $205/kW), capped at 75% of incremental measure cost; post-incentive simple payback must exceed 1 year; Duke may adjust projects >700,000 kWh for cost-effectiveness","Advanced Rooftop Controls (ARC): HP <10 ton $317/ton, 10-15 ton $225.50/ton, >15 ton $159.50/ton; AC w/ gas heat <10 ton $252/ton, 10-15 ton $231/ton, >15 ton $165/ton. Unitary AC tiers $104-$206/ton (15-20 SEER); AC by size $22-$151/ton; packaged HP <65k Btu/h $224/ton; connected smart thermostat $75; setback thermostat $55; demand control ventilation $0.10/sq ft","Custom: preliminary offer in ~20 calendar days; up to 4 weeks to evaluate installation and pay after completion; up to 1 year allowed to complete project. Performance: first payment at install, remainder after ~12-month measurement. Prescriptive payment timeline not stated.","Annual program year (2026 application forms current); custom payment rate is the rate in place at approval and Duke reserves right to adjust with annual rate changes; no fund-exhaustion behavior documented","https://www.duke-energy.com/business/products/smartsaver/hvac-incentives | https://www.duke-energy.com/business/products/smartsaver/custom-incentives | https://www.duke-energy.com/-/media/pdfs/for-your-business/ss-custom-incentive-program.pdf | https://www.duke-energy.com/business/products/smartsaver/custom-incentives/performance"
"North Carolina","NC","Duke Energy Progress","IOU","Smart $aver (same Carolinas program set as Duke Energy Carolinas: prescriptive, custom, performance)","Same Duke Online Application Portal / 2026 Carolinas Non-Lighting application (one Carolinas application covers both DEC and DEP jurisdictions)","no","yes","Same as Duke Energy Carolinas: no M&V for prescriptive; custom requires pre-approval with engineering review; Performance track uses agreed M&V plan with ~12-month measurement period","$0.075/kWh + $170 per winter-peak kW (Carolinas rate), 75% of incremental cost cap, >1-year post-incentive payback required","Identical Carolinas table: ARC $159.50-$317/ton, unitary AC $104-$206/ton tiers, thermostats $55-$75, DCV $0.10/sq ft","Custom: ~20-day offer, up to 4 weeks post-completion payment; prescriptive not stated","Annual (2026 forms); customers who opt out of the EE rider are ineligible","https://www.duke-energy.com/business/products/smartsaver/hvac-incentives | https://www.duke-energy.com/-/media/pdfs/for-your-business/ss-custom-incentive-program.pdf"
"North Carolina","NC","Dominion Energy North Carolina","IOU","Business efficiency programs administered via domsavings.com (CLEAResult): Prescriptive Enhanced Program Bundle (HVAC tune-ups, duct testing, refrigeration), Lighting, Building Automation, Building Optimization (EMS tune-up), Small Business Improvement, Non-Residential New Construction","Participating contractor submits the rebate application on the customer's behalf after an initial assessment reserves rebate funding (domsavings.com program pages)","yes","yes",,,"HVAC tune-ups, ductwork/duct-testing, building automation/EMS measures listed as rebate-eligible categories; specific NC dollar amounts not published on fetched pages","Up to 90 days from receipt of all required information",,"https://www.dominionenergy.com/north-carolina/save-energy | https://www.domsavings.com/"
"North Carolina","NC","EnergyUnited","co-op",,"Residential rebates routed through Energy Saver NC (energysavernc.org); no commercial efficiency rebate program documented on fetched pages","unknown","unknown",,,,,,"https://www.ncelectriccooperatives.com/home-efficiency/energyunited"
"North Dakota","ND","Otter Tail Power Company","IOU","Commercial rebates + Custom Efficiency Grants (Grants for Conservation) + Facility Turnkey Efficiency","PDF form + email (rebates@otpco.com) or mail to Fergus Falls MN; custom grants initiated through an Energy Management Representative; some measures (refrigeration maintenance) have an online portal","no","yes","Custom efficiency grants require preapproval with a custom energy-savings proposal, a timeline completing measures within six months of approval, and 'measurement and verification of actual energy savings (for certain projects)' - metering duration not stated","Grant calculated from kWh saved, kW reduced, and project cost; capped at 75% of project costs or 90% of project incremental costs (otpco.com custom-grants page); no published $/kWh rate","Heat pump/AC tune-up rebate $150 (HP) / $75 (AC), residential AND commercial, licensed contractor, once per 10 years per account; cold-climate ASHP $600-$840/ton ductless, $800-$1,040/ton ducted; standard heat pump $300-$500/ton; air-to-water HP up to $1,240/ton; commercial geothermal $900-$1,340/ton (+$200/ton Quality installation adder requires certified participating contractor); thermal storage $40-$75/kW; no advanced RTU controls or high-efficiency unitary AC $/ton measure found","'Please allow 6-8 weeks for your rebate check to arrive' (stated on tune-up and heat pump rebate pages)","Annual rebate forms (2025/2026 versions posted); fund-exhaustion behavior not stated","https://www.otpco.com/rebates-and-efficiency-programs/programs/rebates-commercial/ | https://www.otpco.com/ways-to-save/programs/custom-grants/ | https://www.otpco.com/ways-to-save/programs/heat-pump/ | https://www.otpco.com/rebates-and-efficiency-programs/programs/heat-pump-or-ac-tune-up/ | https://programs.dsireusa.org/system/program/detail/3139/otter-tail-power-company-energy-efficiency-rebate-program"
"North Dakota","ND","Xcel Energy (Northern States Power - Minnesota, ND territory: Fargo/Grand Forks/Minot)","IOU",,,"unknown","unknown",,,"No ND-specific commercial electric HVAC rebates documented. DSIRE's ND listing for Xcel (updated 6/16/2025) shows only residential natural gas furnace ($75-$120) and gas boiler ($100) rebates; Xcel's rich CO/MN commercial HVAC catalogs do not apply in ND",,,"https://programs.dsireusa.org/system/program/detail/4816/xcel-energy-residential-energy-efficiency-rebate-programs"
"North Dakota","ND","Montana-Dakota Utilities (MDU)","IOU",,,"unknown","unknown",,,"None - MDU's business efficiency page states 'There are no incentive programs for North Dakota commercial customers at this time'; its commercial rebates run only in Montana and South Dakota (4-6 week check processing there; limited funding; utility reserves right to cancel)",,,"https://www.montana-dakota.com/energy-efficiency/savings-for-your-business/"
"North Dakota","ND","Bright Energy Solutions (Missouri River Energy Services member munis: Cavalier, Hillsboro, Lakota, Northwood, Valley City)","statewide administrator","Bright Energy Solutions business rebates + Custom Energy Efficiency Incentives","Rebate applications published on brightenergysolutions.com and submitted through the member municipal utility; custom incentive proposals go to the local utility representative before equipment purchase","no","yes","Custom incentives: 'All customer incentives need to be preapproved before equipment is ordered'; proposal needs equipment quantities/model numbers/specs for new and removed equipment; 'calculations of expected demand and energy savings are welcome, but not required' - no metering duration specified (light-touch M&V)","$350 per average kW saved during peak utility hours (June-September, M-F 1-8 p.m.), up to 75% of total project costs (100% of material cost if self-installed); Custom Electrification up to $100,000 per customer per calendar year","Deemed $40/ton for rooftop units, split-system AC, ASHP, mini-splits, VRF, multi-split, PTAC/PTHP, and chillers; geothermal $200/ton; lighting controls $0.08-$0.15/watt controlled; no advanced RTU controls measure",,"Program administered continuously by MRES across member munis ($31.7M rebates paid program-to-date); annual review; fund-exhaustion behavior not stated","https://programs.dsireusa.org/system/program/detail/22560/commercial-energy-efficiency-rebates-offered-by-5-utilities | https://www.brightenergysolutions.com/resources/business | https://d23r6s4dwed217.cloudfront.net/general-uploads/Customize-Your-Own-Efficiency-Incentive_FLYER.pdf"
"North Dakota","ND","Cass County Electric Cooperative (Fargo-area distribution co-op)","co-op","Off-Peak / Energy Management program (load management with equipment incentives)","Contact co-op energy management department (701-356-4400 / energy@kwh.com); credit applied to electric bill after a co-op technician site visit","unknown","unknown",,,"New-installation incentives tied to off-peak load control enrollment: air-source heat pumps $150/ton, ground-source $250/ton, max $1,500 per meter; program targets members heating with propane/fuel oil; primarily residential in design","Bill credit after technician visit (no check timeline stated)",,"https://casscountyelectric.com/energy-management"
"Nebraska","NE","Omaha Public Power District (OPPD)","muni","OPPD Business Rebate Program (HVAC Equipment Rebates, ARC, BMS, Retro-Commissioning, Custom Project Rebates)","Online application software/portal; installation and submission through OPPD's approved Trade Ally network; custom projects start with a Custom Project Notification Form emailed to BusinessRebates@oppd.com","yes","above_threshold","Custom projects: IPMVP Option A/B/C. Option A/B short-term sub-metering must include a minimum of 3 weeks of hot weather (pre/post kW trending); Option C uses OPPD bill comparison of June-September billing months post-completion vs baseline (no weather normalization for kW). Energy Study required for all custom projects; PE required for most optimization projects; project must show verified sustainable energy savings of at least 5% and 5-year persistence; OPPD reserves right to install metering on any rebated equipment.","$500 per actual kW of peak demand reduction, capped at 50% of total project cost, not to exceed $100,000 per project; 30% of expected kW rebate can be advanced at preapproval; Energy Study rebate up to 50% of study cost (max $10,000) (Business Rebate T&C, Jan 2026)","RTUs $100-$200/ton (EER-based); heat pumps $100-$200/ton plus $50/ton conversion adder; chillers $50-$300/ton; Advanced Rooftop Unit Controllers (ARC) $135-$207/ton from approved vendor list (existing buildings only, one-to-one with RTU, requires 3-year RTU service agreement per ASHRAE/ACCA 180-2018); BMS 20-30% of cost or $0.40-$0.60/sq ft (max $100k); Small Business BMS 40% or $0.75/sq ft (max $15k); retro-commissioning $0.10-$0.20/sq ft. Equipment rebates may be limited to 50% of material/equipment cost; $100,000 max per facility per calendar year.","Prescriptive: not stated for business (residential checks arrive in ~6 weeks; flag). Custom: slow by design - final payment is made only after the June-September OPPD billing months post project completion and case-study approval, so custom checks can lag completion by many months.","Calendar-year budget, first-come first-served; if exhausted the program goes 'SOLD OUT' and no applications or preapprovals are accepted until the software resets January 1-10 of the following year. Preapproved prescriptive funds reserved 120 days; preapproved projects >=$5,000 must complete within 3 months (BMS/RCx 12 months, custom up to 24 months).","https://www.oppd.com/business/products-services/save-money-save-energy/hvac-equipment-rebates/ | https://oppd.com/media/319655/business-rebates-terms-and-condtions.pdf | https://www.oppd.com/business/products-services/save-money-save-energy/custom-project-rebates/"
"Nebraska","NE","Nebraska Public Power District (NPPD) / EnergyWise Nebraska (with participating munis, PPDs and co-ops)","G&T","EnergyWise Business Incentives (Commercial HVAC, Prescriptive & Custom Lighting, VFDs, Industrial Process, HVAC System Optimization)","PDF application forms submitted to the customer's local retail electric utility after installation (with itemized invoices); incentive paid by local utility as check or bill credit at its discretion","no","above_threshold","Prescriptive measures: none beyond invoices/spec sheets. Custom (e.g., custom lighting, industrial process, HVAC System Optimization): pre-approval by an EnergyWise Energy Efficiency Consultant with an evaluation/energy-savings estimate; no published metering-duration requirement found (flag). Industrial process incentives based on documented annual energy savings.","Custom lighting: lesser of annual kWh savings x $0.07 or 50% of installation cost; industrial process: savings-based, capped at 50% of project costs. No published $/kWh rate for custom HVAC optimization (utility quotes incentive after evaluation).","Commercial HVAC $30-$330/ton (AC $30/ton; standard heat pumps $60-$120/ton; geothermal $330/ton); heat pump water heaters $400-$650; VFDs (1-200 hp, 2,000+ run-hours); smart thermostats. Residential-side cooling tune-up $30 exists but no published commercial RTU-controls or tune-up deemed measure.","Paid by local utility after installation, operational verification and completed application; no stated number of days (flag). Incentives >$5,000 must be pre-approved to guarantee funds; changes must be implemented and submitted for payment within one year of preapproval.","Annual EnergyWise program funded by NPPD wholesale participation; incentives >$5,000 need preapproval to guarantee fund availability; no facility may exceed $100,000/year in EnergyWise incentives without preapproval.","https://nppd.energywisenebraska.com/business/ | https://nppd.energywisenebraska.com/residential/ | https://norrisppd.energywisenebraska.com/general-guidelines-for-all-programs/"
"Nebraska","NE","Lincoln Electric System (LES)","muni","LES Sustainable Energy Program (SEP)","Participating contractor submits the project to LES on the customer's behalf after a signed quote; incentive delivered as an LES credit on the contractor's invoice; commercial customers directed to email SEP@les.com for application instructions","yes","unknown",,,"Commercial high-efficiency heat pumps and air conditioners are listed SEP measures (2025/2026 program documents exist) but per-ton amounts could not be verified - les.com blocks automated retrieval (403). Residential side: $1,000-ish LES heat pump incentives ($800 combinable with City of Lincoln incentives up to $3,800; heat pumps must be inverter-driven or >=15.2 SEER2 and >=12 EER2, AHRI rated); $500 heat pump water heater incentive for residential and commercial.","Effectively instant for the customer - incentive is applied as a credit on the participating contractor's invoice","2026 funds available January 1 - December 31, 2026, first-come first-served, or until funds are expended, whichever comes first","https://www.les.com/sustainability/sustainable-energy-program | https://www.lincoln.ne.gov/City/Projects-Programs-Initiatives/Resilient-Lincoln/Heat-Pump-Incentives"
"New Hampshire","NH","Eversource NH","IOU","NHSaves Large Business Energy Solutions / Small Business Energy Solutions / C&I Retrofit (Existing Building Solutions)","Utility/vendor-assisted application via NHSaves (proposal reviewed by Eversource); small business turnkey via assigned trade-ally vendor; instant midstream distributor rebates for qualified high-efficiency HVAC equipment; residential-style forms via DSM Central portal","recommended","yes","Custom projects reviewed site-specifically by vendors or utility staff, may require a technical study, savings from engineering calculations and benefit/cost model; statewide EM&V Working Group oversees evaluation. No metering duration published in fetched documents.","Prescriptive/retrofit up to 35% of project cost (50% for lighting); small business up to 50% of projected installation cost; new equipment up to 75% of incremental cost; no published $/kWh custom rate","Prescriptive categories include HVAC, chillers, VFDs, motors; instant (midstream) rebates for qualified high-efficiency electric HVAC equipment; specific $/ton RTU rates not published on fetched pages",,"2024-2026 statewide triennial plan; applications first-come first-served until program budget depleted","https://www.eversource.com/content/business/save-money-energy/energy-efficiency-programs/commercial-buildings/existing-building-solutions/nh | https://www.eversource.com/business/save-money-energy/equipment-rebates-discounts/nh"
"New Hampshire","NH","Liberty Utilities NH","IOU","NHSaves Large Business Energy Solutions / Small Business Energy Solutions","Contact NHSaves/Franklin Energy (603-637-4346 / NHSaves@FranklinEnergy.com) or NHSaves.com; utility-assisted application, processed first-come first-served","recommended","yes","Custom measures evaluated through a benefit/cost model with engineering calculations; may require technical study; no metering duration stated","Retrofit up to 35% of project cost; new construction up to 75% of incremental cost or buy-down to 1-year payback, whichever is less; municipal examples 35-50% of project cost","Prescriptive incentive categories include HVAC, chillers, compressed air, motors, VFDs; specific $/ton values not published on fetched pages",,"Rebates limited and available until program budget is depleted; first-come first-served; 2024-2026 plan cycle","https://new-hampshire.libertyutilities.com/hanover/commercial/smart-energy-use/electric/large-business-programs.html"
"New Hampshire","NH","Unitil (Unitil Energy Systems NH)","IOU","NHSaves Small Business Energy Efficiency Services / Large Business Energy Solutions","No-cost technical audit then utility-managed implementation (Unitil technical team or customer's own contractor); instant rebates for qualified high-efficiency electric HVAC equipment; NHSaves.com entry point","recommended","unknown","Custom projects reviewed site-specifically with engineering calculations per statewide NHSaves plan; no metering duration stated",,"Instant rebates for qualified high-efficiency electric HVAC equipment; controls for AC, programmable thermostats, walk-in cooler controls in small business program",,"2024-2026 statewide plan cycle","https://unitil.com/rebates/small-business-energy-efficiency-services-nh"
"New Hampshire","NH","New Hampshire Electric Cooperative (NHEC)","co-op","NHEC Commercial & Municipal Energy Savings Programs (NHSaves-aligned)","Via NHSaves commercial portal / NHEC contact; prescriptive and custom incentives","unknown","unknown",,,"HVAC listed among eligible prescriptive/custom equipment categories (with chillers, VFDs, motors, refrigeration); rates not published on fetched page",,,"https://www.nhec.com/commercial-savings-programs/"
"New Jersey","NJ","PSE&G (Public Service Electric & Gas)","IOU","PSE&G C&I Energy Efficiency Program (Prescriptive Program + Engineered Solutions Tier 2 Advance Custom)","Online application via PSE&G business energy efficiency portal (mybizenergy.pseg.com), administered by TRC Companies; Trade Allies or the customer's own contractor can submit; midstream instant rebates exist for some equipment via distribution partners","recommended","yes","Custom (Engineered Solutions Tier 2): energy savings analysis supported by EMS/BMS data required; pre- and post-installation M&V 'may be required' where no energy model exists, with data points and pre/post measurement timeframe set case-by-case by PSE&G engineering; no fixed metering duration published","$1.00/kWh first-year electric savings for HVAC/VRF, HVAC Controls & Chiller Plant Optimization, refrigeration; $0.50/kWh custom lighting; $7.00/therm gas; capped at 60% of total project cost (excl. internal labor). Separate streamlined 'Prescriptive/Custom' rate of $0.33/kWh + $3.75/therm for Microprocessor Based Controls, chillers, etc. in the prescriptive guide","Unitary AC/HP single package & split $300/ton (Tier 1 & 2, incl. >11.25-20 ton IEER 14.01 class); Central DX AC >20 tons $200/ton; smart thermostat (controls RTUs up to 300 kBtu/h) $150/unit; dual enthalpy economizer $250; demand control ventilation $2,500/unit; VFDs $1,000-$5,000/drive; 'Prescriptive/Custom Microprocessor Based Controls' at $0.33/kWh",,"Triennium 2: Jan 1, 2025 - Jun 30, 2027 (statewide $3.75B+ portfolio); annual incentive-guide versions (2025, 2026 V2.1 effective 4/24/2026); 50%+ bonus incentive promotion running through Sep 30, 2026","https://bizsave.pseg.com/wp-content/uploads/2025/04/2025-Engineered-Solutions-Tier-2-Advance-Custom-Incentive-Guide-V1.0.pdf | https://bizsave.pseg.com/wp-content/uploads/2022/06/2025-Prescriptive-Incentive-Guide-V1.0.pdf | https://mybizenergy.pseg.com/prescriptive-program"
"New Jersey","NJ","Jersey Central Power & Light (JCP&L / FirstEnergy)","IOU","EnergySaveNJ Business Solutions (Energy Solutions for Business: Prescriptive, Custom Advantage, RCx/RCx-Lite, SEM, Direct Install)","Online portal (jcpl.capturesportal.com) with customer and Program Ally logins; Program Allies submit projects on customers' behalf","recommended","yes","All programs require application pre-approval before purchase/install (90-day lookback for Prescriptive only). RCx incentives explicitly cover site investigation, implementation, and M&V; metering duration not published","Custom Advantage: lower of 50% of project cost or $0.30/kWh first-year savings; $4M cap per entity per year; 75% of project cost max (80% income-eligible multifamily); RCx/RCx-Lite/SEM capped at 70% of project cost","High-efficiency AC/heat pump/geothermal and smart thermostat prescriptive rebates, roughly $75-$250/ton per program materials; advanced RTU controls not listed as a standalone prescriptive measure",,"Program active Jan 1, 2025 - Jun 30, 2027 (Triennium 2); equipment must be purchased/installed in this window after formal offer letter","https://bizsolutions.energysavenj.com/program-faqs/ | https://bizsolutions.energysavenj.com/"
"New Jersey","NJ","Atlantic City Electric (Exelon)","IOU","C&I Prescriptive and Custom Incentive Program (Atlantic City Electric Energy Savings for Business)","Online project portal (commercialee.atlanticcityelectric.com); admin TRC Companies (ace.energysavings@trccompanies.com); 5-step flow: portal application, confirmation, pre-approval letter, install + completion in portal, incentive paid","unknown","yes","All projects subject to pre-approval and post-installation inspection before incentive payment; custom projects are performance-based $/kWh; no metering duration published in brochure","Lesser of $0.16/kWh saved annually (first-year) or 50% of eligible project cost; HVAC Controls is an explicit custom category; electric chillers must go custom","Unitary AC/HP <5.4 tons $75/ton (Tier 1 SEER 16) to $100/ton (Tier 2 SEER 18); >=5.4 tons $80/ton (>5% over ASHRAE 90.1-2013); smart thermostat $100/unit; occupancy thermostat $75; dual enthalpy economizer controls $250/unit; VFDs $500-$5,000; no advanced RTU controls line item",,"Triennium 2 (Jan 2025 - Jun 2027) statewide framework; brochure updated per NJ A5160 measure removals","https://homeenergysavings.atlanticcityelectric.com/sites/default/files/ACE_PC_Incentive_Brochure.pdf | https://commercialee.atlanticcityelectric.com/Home/Incentives"
"New Mexico","NM","PNM (Public Service Company of New Mexico)","IOU","PNM Business Energy Efficiency Programs - Retrofit Rebate Program (plus Building Tune-Up and Distributor Discount midstream)","Online portal at EEReady.pnm.com (retrofit rebate applications); PNM Authorized Contractors / Trade Allies can submit on customer's behalf; Distributor Discount is point-of-sale midstream for HVAC equipment","recommended","no","PNM inspects a portion of all projects; custom rebates calculated on ESTIMATED first-year kWh (no pre/post metering duration published); window film requires pre-application","$0.08 per estimated first-year kWh saved; incentives capped at 50% of project cost (excluding internal labor); prescriptive pays ~$0.06/kWh","Unitary/split AC $25/ton + $15/ton efficiency bonus; air-source heat pumps $40/ton + $15; VRF $40/ton + $20-25; air-cooled chillers $40/ton + $20; PTAC $50, PTHP $100; VSDs on supply fans $200/HP; Building Tune-Up program pays for Advanced AC Tune-Up (diagnostic + tune-up on rooftop AC units) via participating PNM Authorized Contractors; NO advanced-RTU-controls prescriptive line item",,"Calendar program year, first-come first-served; 2026 Retrofit budget was 35.9% paid / 50.6% reserved as of June 29, 2026 (i.e., ~86% committed mid-year)","https://www.pnmenergyefficiency.com/retrofit-rebate/ | https://www.pnmenergyefficiency.com/wp-content/uploads/2026/03/Mar2026_PNM_BEEP_Retrofit_QuickLook.pdf | https://www.pnm.com/faq-business-ee-programs | https://www.pnmenergyefficiency.com/building-tune-up/"
"New Mexico","NM","Xcel Energy / Southwestern Public Service (SPS)","IOU","Business Programs & Rebates - Cooling Efficiency, Motors & Drives, Lighting, Custom Efficiency","Xcel Digital Application online (company states ~14 minutes) or PDF application emailed to energyefficiency@xcelenergy.com (fax/mail also accepted)","unknown","above_threshold","Custom Efficiency projects must be preapproved PRIOR to purchase; Xcel reserves right to inspect installations before and after rebate; no metering duration published in fetched documents",,"DX units (condensing, rooftop, split): $40/ton base + $1.50-$2 per 0.1 EER/SEER above minimum per ton; RTU economizer $20/ton (must be enthalpy-controlled with CO2/DCV); water-cooled centrifugal chillers $12/ton base; air-cooled chillers $6/ton base (rates from 2020 NM application form - may be stale)","Allow six to eight weeks for rebate check (per NM Cooling application)","Approx $21.5M-$24.7M/year allocated for NM 2025-2028 per third-party regulatory discussion guide (secondary source)","https://www.xcelenergy.com/staticfiles/xe-responsive/Admin/Managed%20Documents%20&%20PDFs/NM-Bus-Cooling-Rebate-Application.pdf | https://www.xcelenergy.com/programs_and_rebates/business_programs_and_rebates"
"New Mexico","NM","El Paso Electric (NM service territory, Las Cruces area)","IOU","New Mexico Commercial Comprehensive Program (Commercial HVAC, Lighting, Cool Roofs) and NM SCORE Plus for large commercial/schools/government","Online portal epe.p3.enertrek.com, or rebate form emailed to program implementer (Frontier Energy) or mailed; SCORE Plus is consultant-managed with enrollment through the Program Consultant","no","unknown","SCORE Plus requires pre-inspection and post-project-completion inspections; savings estimated with Program Consultant; no metering duration published",,"Commercial HVAC retrofit/new-construction cooling rebates: heat pumps $280/kW + $0.25/kWh; all other HVAC equipment $275/kW + $0.20/kWh; AHRI-certified equipment required; licensed HVAC contractor required",,"First-come, first-served until funding exhausted or program changed","https://www.epelectric.com/energy-efficiency/new-mexico-business-energy-efficiency/commercial-comprehensive/commercial-hvac | https://www.epelectric.com/energy-efficiency/new-mexico-business-energy-efficiency/new-mexico-score-plus"
"New Mexico","NM","NM EMNRD - Energy Conservation and Management Division (ECAM)","statewide administrator",,"IRA Home Energy Rebates (residential only): HEAR is retailer-redeemable point-of-sale (implementer Franklin Energy); HER (HOMES) application channel not yet live","unknown","unknown",,,,"HEAR: instant at participating retailers","HEAR launched Sept 3, 2024 (first retailer-redeemable IRA HEAR program in nation); HER/HOMES implementation contract awarded to Franklin Energy May 2026, public availability expected early 2027; max $14,000 per address across programs","https://clean.energy.nm.gov/programs/hear/ | https://www.franklinenergy.com/press-releases/franklin-energy-partners-with-the-new-mexico-to-implement-ira-funded-home-electrification-and-appliance-rebate-program | https://www.globenewswire.com/news-release/2026/05/04/3286837/0/en/Franklin-Energy-to-Implement-New-Mexico-s-Home-Efficiency-Rebates-Program.html"
"Nevada","NV","NV Energy (Nevada Power - Southern territory)","IOU","PowerShift Business Energy Services (Retrofit, New Construction, Small Business, Instant Discount); implemented by DNV","PDF application package emailed to bes@nvenergy.com (Pre-notification Application + Participation Agreement, then Final Application); forms downloaded from nvenergy.com/bes; contractors may complete forms on behalf of applicants; separate Instant Discount midstream channel exists for lighting-type products via distributors","no","yes","Custom incentives paid on estimated first-year kWh savings with engineering review; 'power measurements or monitoring prior to and after the measure is installed may be required' - no fixed metering duration stated. Customer must allow site inspections, spot measurements, and data loggers for up to 5 years post-completion; some projects selected for independent third-party M&V. Savings must persist 5 years or incentive is clawed back.","$0.15/kWh first-year savings (Small Business, <400,000 kWh/yr) or $0.07/kWh (Medium/Large); capped at 50% of total project cost (90% for small business); tiered payout per applicant per year: 100% of first $100k of incentive, 50% of $100k-$500k, 20% of $500k-$1M, 10% above $1M (2026 Southern guide + Policies & Procedures)","Unitary air/water-cooled cooling: $18/ton (<65 kBtuh qualifying SEER, small bus.; $16 med/lrg) + $12/$11 per additional SEER; $18/$16 per ton (65-135 kBtuh) + $15/$14 per additional EER/IEER; $27/$25 per ton (135-240 kBtuh); $27/$25 per ton (>=240 kBtuh); PTAC/PTHP $75/$70 per ton; programmable thermostat $37/$35; VSD on HVAC fans/pumps $75/$70 per HP; air-side economizers $37/$35 per ton; window film $1.05/$0.98 per sq ft; no RTU-controls or tune-up measure","Incentive check sent within 4-6 weeks after field inspection is complete and final documentation approved; Final Application due within 30 days of completion","Annual program year: first-come first-served until funds exhausted or Nov 15; pre-notification due Nov 1, all completion docs by Nov 15, no extensions; formal wait-list policy when funds run out; offering authorized by PUCN through December 2026 (next 3-year DSM plan pending)","https://www.nvenergy.com/publish/content/dam/nvenergy/brochures_arch/save-with-powershift/commercial-energy-services/retrofit/NVE_Southern_Incentive_Summary.pdf | https://www.nvenergy.com/publish/content/dam/nvenergy/brochures_arch/save-with-powershift/commercial-energy-services/Retrofit-New-Construction-Policies-Procedures.pdf"
"Nevada","NV","NV Energy (Sierra Pacific Power - Northern territory)","IOU","PowerShift Business Energy Services (same statewide program; incentive limits tracked separately per territory)","Same as Southern: PDF pre-notification + final application emailed to bes@nvenergy.com","no","yes","Same policies document governs both territories (site inspections, optional pre/post monitoring, data loggers up to 5 years, no stated metering duration)",,,"4-6 weeks after inspection and approved final documentation (same policies document)","Same annual Jan 1-Nov 15 cycle, first-come first-served, separate territory incentive-limit pool; authorized through December 2026","https://www.nvenergy.com/publish/content/dam/nvenergy/brochures_arch/save-with-powershift/commercial-energy-services/Retrofit-New-Construction-Policies-Procedures.pdf"
"Nevada","NV","Valley Electric Association (Pahrump)","co-op",,,"unknown","unknown",,,,,,"https://www.vea.coop/news-releases/renewable-energy-systems-energy-efficiency-loans-grants/"
"Nevada","NV","Nevada Governor's Office of Energy (IRA Home Energy Rebates)","statewide administrator",,"Not yet launched - program development contract awarded (Everblue selected Dec 2024 to support HOMES and HEAR implementation)","unknown","unknown",,,,,"HOMES allocation $48,200,980; HEAR allocation $47,920,160; launch 'pending federal review and program guidance' as of mid-2026","https://www.energy.nv.gov/funding-opportunities/home-efficiency-rebates-program/"
"New York","NY","Con Edison","IOU","Commercial & Industrial (C&I) Energy Efficiency and Electrification Program","Incentive Navigator portal (conedeedm.my.site.com/IncentiveNavigator) via Participating Contractor; program application + SOW + calculators + W-9 + cut sheets","yes","yes","Custom measures require unlocked calculation spreadsheets, approved modeling software (eQuest, DOE2, TRACE, etc.), annual consumption data, and final engineering review + post-inspection; Neighborhood (NWS) custom bonuses require a signed M&V plan before final incentive calculation. Metering duration not stated in fetched documents.","Category-based custom rates, e.g. Building Automation Systems $0.35/kWh saved ($5/therm), Building Envelope $0.85/kWh saved; total prescriptive+custom incentives capped at 50% of customer project cost and 100% of each measure cost; Southeast Queens Neighborhood bonus $2,000/kW capped at 100% of measure cost","Prescriptive = any measure listed in NY TRM (HVAC & HVAC controls, BAS, EC motors, VFDs, refrigeration controls); lighting sunset Q4 2025. Electric measures limited to accounts >100 kW average peak demand (12-mo rolling), multifamily excluded.","Not stated; paid after installation completion certificate, invoices, post-inspection and final engineering review (2025 closeouts ran into December)","Calendar program year; 2026 applications accepted May 1 - Sep 30, 2026, installation complete by Oct 15, 2026; first-come first-served, funding not guaranteed until Preliminary Incentive Offer Letter","https://www.coned.com/en/save-money/rebates-incentives-tax-credits/rebates-incentives-tax-credits-for-commercial-industrial-buildings-customers/save-with-energy-efficiency-upgrades | https://www.coned.com/-/media/files/coned/documents/save-energy-money/rebates-incentives-tax-credits/rebates-incentives-tax-credits-for-commercial-industrial-buildings-customers/commercial-and-industrial-program/ci-program-launch-webinar.pdf"
"New York","NY","National Grid (Upstate NY / Niagara Mohawk)","IOU","Energy Efficiency Programs for Commercial and Industrial Electric Customers (Upstate NY)","Through a National Grid representative / Technical Sales and Support Team; signed customer report acts as incentive acceptance; midstream On-the-Spot distributor channel exists for lighting","recommended","yes","Custom projects get a technical analysis conducted by National Grid's Technical Sales and Support Team; post-inspection required before payment. Metering duration not stated in fetched documents.","$0.25 per kWh saved, capped at 65% of total installed project cost including labor and materials","Energy Management Systems (EMS) for HVAC listed as a prescriptive measure; compressed air, hotel occupancy sensors; lighting incentives phased out Dec 31, 2025 per PSC directive. Specific RTU/unitary $/ton rates not shown in fetched sheet.","Project completion deadline Oct 31, 2026 and payment deadline Dec 15, 2026 for current cycle; payment requires final signatures, paid invoices, and completed post-inspection","Program-year deadlines (complete by Oct 31, paid by Dec 15); bonus promotions time-limited","https://www.nationalgridus.com/media/pdfs/bus-ways-to-save/ee4798_uny_electric-incentive.pdf | https://www.nationalgridus.com/upstate-ny-business/energy-saving-programs/"
"New York","NY","NYSEG / RG&E (Avangrid)","IOU","Commercial & Industrial Rebate Program (joint NYSEG/RG&E, implemented by Franklin Energy)","Trade Ally-assisted application; NGAGE application portal referenced; program contact cienergysavings@franklinenergy.com","recommended","above_threshold","Custom rebates are performance-based requiring site-specific analysis and energy-savings calculations; free custom-calculation assistance from program energy engineers. Metering duration not stated in fetched documents.",,"Prescriptive rebates on common HVAC upgrades (catalog-based, incl. controls/thermostats per catalog); specific $/ton rates not captured from fetched pages",,,"https://www.nysegrgeta.com/program-overview | https://www.nyseg.com/smartenergy/businesssolutions/commercialandindustrialrebates"
"New York","NY","PSEG Long Island (LIPA)","muni","Commercial Efficiency Program (Business First / Prime Efficiency Partners)","Application form + Prime Efficiency Partner (contractor) network; contractor finder portal at pseglinyportal.com","recommended","yes","Custom rebates pre-approved; analysis and documents supporting energy savings incl. measure Data Collection Forms must be submitted with application. Metering duration not stated in fetched documents.","Custom: paid the lesser of the pre-approved rebate or 70% of installed cost of the ECM; prescriptive/custom lighting electric savings at $0.16/kWh","Unitary/split HVAC prescriptive rebates ~$175-$300 per ton by tier (ASHRAE 90.1-2019 baseline, SEER2/EER/IEER tiers); smart thermostats controlling RTUs up to 300,000 Btu/h; PTAC/SPVU measures",,"Annual program year (2026 program announced March 2026)","https://bizsave.pseg.com/wp-content/uploads/2022/06/2025-Prescriptive-Incentive-Guide-V1.0.pdf | https://www.psegliny.com/businessandcontractorservices/businessandcommercialsavings/commercialefficiencyrebateprogram"
"New York","NY","NYSERDA","statewide administrator","Statewide programs complementing utility rebates (FlexTech studies, Building Operations & Performance, Clean Heat coordination); administers IRA HOMES/HEAR residential rebates","NYSERDA program-specific applications/portals; note Con Edison prohibits double-dipping - a project may not receive both NYSERDA and utility incentives","unknown","unknown",,,,,"IRA HOMES ($158M) and HEAR funds available until expended or Sep 30, 2031","https://www.nyserda.ny.gov/PutEnergyToWork/Energy-Program-and-Incentives/Heating-Cooling-Ventilation-Programs-and-Incentives | https://www.nyserda.ny.gov/All-Programs/Inflation-Reduction-Act/Inflation-Reduction-Act-homeowners"
"Ohio","OH","AEP Ohio","IOU",,,"unknown","unknown",,,,,"No commercial EE portfolio since 12/31/2020 (HB 6); business site now offers only a savings toolkit, tips, and a newsletter - no rebates listed","https://www.aepohio.com/savings/business/"
"Ohio","OH","FirstEnergy Ohio (Ohio Edison / The Illuminating Company / Toledo Edison)","IOU",,,"unknown","unknown",,,,,"Business page states 'our energy efficiency programs are no longer available.' A limited voluntary portfolio (appliance rebates/recycling plus a commercial lighting program) resumed 6/22/2023 under ESP IV but only ran through May 2024 and is now closed","https://www.firstenergycorp.com/save_energy/save_energy_ohio/for_your_business.html | https://www.firstenergycorp.com/newsroom/news_articles/firstenergy-s-ohio-electric-companies-resume-energy-efficiency-p.html"
"Ohio","OH","Duke Energy Ohio","IOU",,,"unknown","unknown",,,,,"Smart $aver business page for Ohio jurisdiction (jur=OH01) displays 'Program Discontinued - Duke Energy Ohio's current energy efficiency and demand-side management programs ended on December 31, 2020.' The 2025-2028 ESP settlement includes only a $7.2M low-income EE program (per PUCO/news reporting); Duke withdrew its proposed broad EE/DSM portfolio in 2025. Residential Smart $aver also returns 'not available in your area' for Ohio","https://www.duke-energy.com/business/products/smartsaver?jur=OH01 | https://www.duke-energy.com/home/products/smart-saver?jur=OH01"
"Ohio","OH","AES Ohio (Dayton Power & Light)","IOU",,,"unknown","unknown",,,,,"Mandated EE programs (including Business Rebate Programs) ended 12/31/2020 per HB 6; rebate applications not accepted after 9/30/2020. Company says it 'is evaluating the potential to continue programs in the future.' Only smart-thermostat marketplace offers and EV charging rebates remain (per search results)","https://www.aes-ohio.com/mandated-end-energy-efficiency-programs"
"Ohio","OH","Efficiency Smart (AMP - serves ~16+ Ohio municipal utilities: Bowling Green, Wadsworth, Oberlin, Napoleon, St. Marys, Columbiana, Wapakoneta, etc.)","statewide administrator","Small Business Solutions (<250,000 kWh/yr) and Large Business Solutions (>=250,000 kWh/yr)","Account-manager driven: contact the community's assigned Efficiency Smart account manager; contractors can have projects pre-qualified with an incentive estimate for inclusion in customer proposals. No self-serve rebate portal identified for business custom projects","no","yes","Not published. Program offers 'determining the electric usage of equipment through metering' as a service, implying metered verification is available for custom projects; no metering duration stated on public pages",,"HVAC is a listed incentive-eligible category for both small and large business tracks, but no published prescriptive rate sheet ($/ton or per-unit controls amounts) was found on public pages",,"Ongoing multi-year contract program funded by member municipal utilities; limited-time bonus offers (e.g., LED bonuses, appliance promos through 9/30) suggest periodic budget-driven promotions","https://www.efficiencysmart.org/large-business-solutions | https://www.efficiencysmart.org/small-business-solutions | https://www.wadsworthcity.com/237/Energy-Efficiency-and-Community-Benefit-"
"Ohio","OH","Ohio electric cooperatives (Buckeye Power G&T member co-ops, e.g., Hancock-Wood EC)","co-op","Per-co-op rebate programs (example: Hancock-Wood commercial lighting rebate up to $15,000)","Contact local co-op directly (Hancock-Wood: phone application/contact; no portal)","unknown","unknown",,,"Residential-leaning HVAC rebates (air-source heat pump, mini-split, AC, HVAC maintenance rebates at Hancock-Wood); commercial offering found was lighting only",,"'Until funds are depleted' (Hancock-Wood: up to $900/member in energy-savings rebates)","https://hwe.coop/rebates"
"Oklahoma","OK","Public Service Company of Oklahoma (PSO, AEP)","IOU","PSO Business Rebates (Prescriptive, Custom, and Midstream Instant Discount) - Power Forward with PSO","Online portal www.psobusinessrebates.com (upload signed T&Cs, spec sheets, itemized invoice); midstream HVAC equipment via participating distributors on www.psomidstream.com; docs also accepted by email to Businesses@PowerForwardWithPSO.com (administrator: ICF, Tulsa)","no","above_threshold","All custom projects require pre-approval before purchase/installation; PSO may inspect pre- and post-installation and is not obligated to pay until a satisfactory post-installation inspection; evaluation follow-up visits allowed for 36 months after completion. Specific metering durations (e.g., 7-day/30-day) not published in fetched documents.","Custom rebates calculated per kWh saved and per peak summer kW reduced, capped at up to 75% of total incremental project cost (per-kWh dollar value not published in fetched documents)","Networked HVAC Controls $300 per thermostat and/or zone sensor (2025 tech sheet; 2026 web page shows $250 - discrepancy flagged), retrofit-only on unitary packaged/split/rooftop units; HVAC VFDs $300-$7,000 per unit by HP; hotel room HVAC controls $60-80/room; HVAC tune-up offered as custom category; commercial AC/HP, economizer controls, PTAC/PTHP, VRF, small WSHP all moved to Midstream Instant Discount program; CAC $200-$800 and ASHP $600-$1,400 by SEER2 tier",,"OCC approved 2025-2029 portfolio (Sept 24, 2024); measures purchased Jan 1, 2025 - Dec 31, 2029 eligible; rebates first-come/first-served, PSO may deny applications exceeding budget and may suspend/change the offering at any time without notice; pre-approved applications honored under T&Cs at time of pre-approval","https://powerforwardwithpso.com/rebates/ | https://powerforwardwithpso.com/wp-content/uploads/2025/12/PSO-Business-Rebates-Terms-and-Conditions-v26.pdf | https://powerforwardwithpso.com/wp-content/uploads/2025/01/PSO-Prescriptive-Rebates-HVAC-Controls-VFD-Technical-Requirements-v25.pdf | https://powerforwardwithpso.com/support/for-businesses/"
"Oklahoma","OK","Oklahoma Gas & Electric (OG&E)","IOU","Business Energy Efficiency (Commercial & Industrial Solutions, Small Business Solutions, Midstream Solutions)","Assessment-driven: apply for an energy assessment/consultation through OG&E's Business EE team (BusinessEE@oge.com); trade allies submit and track rebates via the OG&E Trade Allies Portal; midstream point-of-sale discounts through participating distributors","recommended","unknown","Not published on public pages fetched; per search-result text an OG&E representative verifies project eligibility and determines EM&V requirements per project (could not be confirmed on a directly fetched page - flagged)","Not published; Small Business Solutions covers 'up to 90% of costs' for eligible upgrades including assessment and installation by approved contractors (oge.com program page)","Advanced A/C Tune-Up (claimed up to 30% HVAC efficiency improvement) for C&I and small business; smart thermostats; midstream instant discounts on DLC/ENERGY STAR products (lighting, refrigeration, kitchen); no published advanced-RTU-controls deemed measure",,"OCC approved OG&E 2025-2029 Demand Portfolio (Case PUD 2024-000048) with cost recovery via Energy Efficiency Program Rider","https://www.oge.com/web/portal/label_ord/energy-solutions/efficiency-programs/commercial-industrial-energy-efficiency | https://ogeenergy.gcs-web.com/static-files/42dead9e-b569-4e6f-aa13-ceeb9155b5f4"
"Oklahoma","OK","Oklahoma Electric Cooperative (OEC)","co-op","OEC Energy Efficiency Rebates (residential + commercial lighting/heat pump rebates)","Contact co-op Energy Efficiency Solutions Specialist; rebate forms plus required on-site verification/inspection by OEC staff; details in '2025 Rebate Program Proposal' PDF on okcoop.org","unknown","unknown","All rebates must be verified by OEC's Energy Efficiency Solutions Specialist (site inspection); no formal M&V protocol published",,"Air-source heat pumps $125-$325/ton and geothermal $375-$1,050/ton (per DSIRE-derived aggregator summaries; exact 2025-26 values in OEC's rebate PDF - flagged); commercial lighting retrofit rebates; claims due within six months of installation",,"Rebates subject to change based on availability of funding","https://okcoop.org/rebates/"
"Oklahoma","OK","Oklahoma Municipal Power Authority (OMPA)","G&T","DEEP - Demand and Energy Efficiency Program (commercial, case-by-case)","Online or PDF forms submitted to OMPA program staff (smathena@ompa.com); DEEP requires submission of detailed project plans; available only in participating OMPA member cities","unknown","yes","DEEP evaluates projects case-by-case focused on summer peak demand reduction; funds for an individual project determined through submission of detailed project plans; no published metering protocol",,"WISE Heat Pump Rebate Program (efficiency above ENERGY STAR minimums), WISE ceiling insulation, smart thermostat rebates up to $50 (residential-leaning; commercial goes through DEEP)",,"Per-project funds determined case-by-case; participation varies by member city","https://www.ompa.com/services/rebate-programs/"
"Oregon","OR","Energy Trust of Oregon (administers efficiency for PGE, Pacific Power, NW Natural, Cascade Natural Gas, Avista)","statewide administrator","Existing Buildings (Standard/prescriptive equipment incentives + Custom track; Small Business <20 employees or <20,000 sq ft and Large Business tracks)","PDF/Excel 'Oregon Existing Buildings Incentive Application' submitted by mail or email with W-9; custom projects emailed to existingbuildings@energytrust.org for pre-approval; no self-serve online portal for commercial","recommended","yes","Custom projects require pre-approval before installation and 'a post-installation verification may apply'; metering duration not stated in fetched documents","$0.45 per annual kWh and $5 per annual therm of estimated first-year savings (2026 rate, effective Jan 1, 2026); historical program documents cite a cap of 50% of total project cost (cap documented at the older $0.25/kWh rate â€” current-cap confirmation needed)","Advanced Rooftop Controls: $200/ton (ARC-Lite) / $300/ton (ARC-Full, BPA qualifying product list, single-speed supply fan only); commercial heat pumps $200-$350/ton (up to $1,250-$2,500/ton in some 2026 bonus categories); smart thermostats $200-$400 each; VFDs $200-$12,000; condensing gas furnace $8.25/kBtu/h; no standalone RTU tune-up or high-efficiency unitary AC $/ton measure found on 2026 sheet",,"Public-purpose-charge funded, calendar-year incentive updates (2026 rates effective Jan 1, 2026); 'incentives are subject to funding availability and may change'","https://www.energytrust.org/incentives/commercial-existing-buildings-custom/ | https://www.energytrust.org/incentives/commercial-existing-buildings-hvac-water-heating/ | https://blog.energytrust.org/2026-existing-buildings-incentive-updates/"
"Oregon","OR","Portland General Electric (PGE)","IOU","Energy efficiency delivered via Energy Trust of Oregon (PGE itself offers demand response/special offers, not the core rebate program)","Through Energy Trust Existing Buildings (PDF application by email/mail)","recommended","yes","Same as Energy Trust custom track (pre-approval + possible post-installation verification; duration not stated)","Via Energy Trust: $0.45/annual kWh (2026)","Via Energy Trust: ARC $200-$300/ton, commercial heat pumps, smart thermostats",,,"https://portlandgeneral.com/save-money/save-money-home/special-offers-incentives | https://www.energytrust.org/commercial/existing-buildings/incentive/"
"Oregon","OR","Pacific Power (PacifiCorp)","IOU","Energy efficiency delivered via Energy Trust of Oregon (Oregon service territory)","Through Energy Trust Existing Buildings (PDF application by email/mail)","recommended","yes","Same as Energy Trust custom track","Via Energy Trust: $0.45/annual kWh (2026)","Via Energy Trust: ARC $200-$300/ton, commercial heat pumps, smart thermostats",,,"https://www.energytrust.org/commercial/existing-buildings/incentive/"
"Oregon","OR","Eugene Water & Electric Board (EWEB)","muni","Business Incentives, Rebates and Conservation (HVAC Systems Rebates + custom projects)","Online portal application; invoices and technology-specific documentation submitted after install","no","above_threshold","Custom incentives based on verified electric energy savings and subject to a cost cap; metering duration not stated. Prescriptive rebates over $2,500 require EWEB pre-approval before installation","Not published as $/kWh for general custom (contact Commercial Customer Solutions); efficient-pump measure pays $0.33/kWh saved","Advanced Rooftop Unit Controls: ARC-Lite $200/ton, ARC-Full $300/ton; split/packaged ASHP $150-$1,000/ton; DHP $300-$1,000/ton; VRF $350-$1,500/ton; VFD for fans $500/hp; connected thermostats $300/unit; DCKV $400-$800/hp","Rebate check within four to six weeks of approval",,"https://www.eweb.org/rebates-and-savings/business-incentives-rebates-and-conservation/hvac-systems-rebates | https://www.eweb.org/rebates-and-savings/business-incentives-rebates-and-conservation/new-construction-and-custom-projects"
"Pennsylvania","PA","PECO (Exelon)","IOU","PECO Ways to Save for Business / Smart Ideas (Act 129 Phase V)","Online portal (bizsaves.peco.com / pecobizsavings.com); instant/midstream discounts also offered; contractor can submit","unknown","yes","Custom track approvals require interval submetering data per third-party program summary; metering duration not stated in fetched documents","$0.06-$0.12 per kWh of verified first-year savings (third-party summary of PECO Act 129 program); prescriptive capped at $150,000 per project","Per third-party/search summaries: ~$30/ton ENERGY STAR ductless mini-split HP, $25/ton energy management systems, $25/ton demand-controlled ventilation, economizers; LCI customers $0.10/kWh for prescriptive equipment (effective Mar 1 2025, Phase IV)","Prescriptive rebates typically 60-90 days after post-installation submission (third-party summary)","Act 129 program years June-May; Phase V runs June 1, 2026 - May 31, 2031","https://www.peco.com/ways-to-save/for-your-business/incentives | https://emergentenergy.us/blog/pa-act-129-peco-territory | https://pecobizsavings.com/peco/incentives-overview/"
"Pennsylvania","PA","PPL Electric Utilities","IOU","PPL Business Energy Incentives (Business Energy Efficiency Program)","Online portal (cr101.my.salesforce-sites.com/pplportal/); point-of-purchase discount on contractor invoice for some measures, rebate check for others","unknown","unknown",,"Custom: $0.15/kWh; Direct Discount: $0.20/kWh (per pplelectricbusinesssavings.com incentives overview, fetched July 2026); caps not stated on fetched page","HVAC tune-up: under 1 ton $60, 1-5 tons $75, 5-20 tons $125 (all business customers eligible since Apr 1, 2024); prescriptive HVAC equipment categories listed but per-measure amounts not on fetched page",,"Act 129 program years June-May; page states availability/incentive levels subject to change and may be terminated without prior notice","https://www.pplelectricbusinesssavings.com/ppl-business/incentives/overview | https://incentiverebate360.com/ppl-electric-utilities-commercial-incentive-overview/"
"Pennsylvania","PA","FirstEnergy Pennsylvania (Met-Ed, Penelec, Penn Power, West Penn Power)","IOU","Energy Solutions for Business / C&I Energy Efficiency Program (implementer: Franklin Energy)","energysavepa-bizsolutions.com portal + energy advisor intake form; email to CIFirstEnergyPA@franklinenergy.com; instant discounts (midstream) channel exists","unknown","unknown",,"Custom Equipment program: $0.05/kWh displaced + up to $150/kW summer peak demand reduction (Jun 1-Aug 30, M-F 2-6pm), capped at 50% of total project cost up to $500,000 (per energysavepa-bizsolutions.com segment page via search; Phase IV-era figure, Phase V rates unconfirmed)","Building Tune Up program (central HVAC systems, ductless mini-split and PTAC retrofits), Retro-Commissioning, Virtual Commissioning (VCx), prescriptive equipment incl. HVAC; specific $/ton amounts not obtainable (program site blocked bot access)",,"Phase V June 1, 2026 - May 31, 2031; as of July 10, 2026 the FirstEnergy portal reportedly still described only the Phase IV program (no Phase V schedules posted)","https://www.firstenergycorp.com/save_energy/save_energy_pennsylvania/for_your_business_pa.html | https://www.energysavepa-bizsolutions.com/segment-custom-equipment"
"Pennsylvania","PA","Duquesne Light Company","IOU","Business Solutions Rebate Program (formerly Watt Choices; implementer: Franklin Energy)","PDF application + email to DuqLightBusinessSolutions@franklinenergy.com (downloadable Rebates Catalog and Application)","no","unknown",,"Custom projects rebated at $0.08/kWh (per duqenergyefficiency.com program pages via search snippet); caps not documented in fetched pages","HVAC, Lighting, Refrigeration, Food Service, New Construction, and Custom incentive categories; two tracks split at 300 kW annual demand (small <300 kW, large >=300 kW); specific per-ton amounts only in downloadable catalog (not fetched)",,"Phase V program began June 1, 2026, runs until May 31, 2031 'if funding is available'; prior Phase IV offers ended May 31, 2026; residential rebate site 'currently being refreshed' as of July 2026","https://www.duqenergyefficiency.com/faq | https://www.duqenergyefficiency.com/business-solutions | https://dlcenergyrebates.com/"
"Rhode Island","RI","Rhode Island Energy (The Narragansett Electric Company, PPL)","IOU","Rhode Island Energy Commercial & Industrial Energy Efficiency Programs (prescriptive/instant midstream rebates, custom incentives, Small Business Program via RISE Engineering)","Midstream distributor for instant HVAC equipment rebates (administered with Energy Solutions, hvac-ne@energy-solution.com; EFI 'frontdoor' rebate portal poweredbyefi.org for other rebates); Small Business Program delivered turnkey by RISE Engineering as program lead vendor; custom projects submitted through RI Energy account/program staff","recommended","above_threshold","Custom measures use RI TRM 'Custom HVAC' / 'Energy management system, custom' categories with site-specific savings analysis; specific metering duration (e.g. 7-day vs 30-day) not stated in documents fetched","Custom incentives cover up to 50% of total cost of more efficient equipment (RI Energy C&I program); Small Business Program covers up to 70% of installation cost for direct-install measures (lighting/controls focus)","Instant (midstream) commercial rebates via participating distributors: air conditioners $25-$100/ton, heat pumps $20-$125/ton, VRF $125-$175/ton, plus condensing units and ECM motors; pre-approval required for sales of 10+ units or $8,000+ in incentives; no standalone advanced-RTU-controls prescriptive rebate found - controls handled under EMS or custom",,"Calendar program year under statutory Least Cost Procurement; 2024-2026 Three-Year EE Plan (Docket 23-35-EE) with annual plans (2025: 24-39-EE; 2026: 25-37-EE, filed Oct 2025); 2024 year-end report shows 81,916 annual MWh achieved vs 93,891 MWh target (87%)","https://www.rienergy.com/RI-Business/Energy-Saving-Programs/rebate-programs | https://rienergy.com/site/ways-to-save/save-money-with-rebates-and-incentives/savings-for-your-business/instant-commercial-rebates | https://ripuc.ri.gov/Docket-25-37-EE | https://frontdoor.portal.poweredbyefi.org/initiative/rienergy"
"Rhode Island","RI","Pascoag Utility District","muni","Pascoag conservation/rebate program (free commercial energy audits for CREW customers; rebate forms)","Online rebate forms on pud-ri.org; contact district office for commercial audit","unknown","unknown",,,"Heat pump system rebates of $350-$700 based on system specifications (per ENE program page); free commercial energy audits",,,"https://pud-ri.org/conservation/download-rebate-forms | https://ene.org/sustainability/rebates/residential/pascoag/"
"Rhode Island","RI","Block Island Utility District (Block Island Power Company)","muni",,,"unknown","unknown",,,"Heat pump rebate reported at $250/ton (secondary source only; verify directly with utility)",,,"https://ene.org/sustainability/rebates/residential/pascoag/"
"South Carolina","SC","Duke Energy (Carolinas + Progress, SC territories)","IOU","Smart $aver (Prescriptive + Custom Incentives)","Online Application Portal (or paper Carolinas Non-Lighting PDF/Word application by mail); custom projects submit application + savings calculation worksheet","no","above_threshold","Prescriptive: none (submit within 90 days of installation per DSIRE). Custom: engineering savings calculations reviewed by Duke (~20 calendar days to preliminary offer); a 'Performance' path exists for projects where engineering calculations have high uncertainty (measured-savings basis); specific metering durations not published on fetched pages","Rate per kWh not published on fetched pages (in 'Payment Rate Summary' PDF); rebates and incentives capped at 75% of customer project cost in NC/SC","Advanced Rooftop Controls (ARC): HP <10 ton $317/ton, 10-15 ton $225.50/ton, >15 ton $159.50/ton; ARC on AC w/ gas heat <10 ton $252/ton; unitary AC $104-$206/ton by SEER tier, AC 65-135 kBtu $151/ton; HP split <65k $268/ton; tune-up measures incl. refrigerant charge adjustment $21-$51/ton, coil cleaning $17.50/unit, economizer repair $25; DCV $0.10/sq ft; connected smart thermostat $75; roof insulation $0.28/sq ft, window film $1.10/sq ft","Custom: up to 4 weeks for Duke to evaluate installation and process payment after project completion; prescriptive timeline not stated","Program funded via Energy Efficiency Rider (large customers may opt out, making them ineligible); incentives increased ~20-25% in recent Carolinas program updates","https://www.duke-energy.com/business/products/smartsaver/hvac-incentives | https://www.duke-energy.com/business/products/smartsaver/custom-incentives | https://programs.dsireusa.org/system/program/detail/3606"
"South Carolina","SC","Dominion Energy South Carolina","IOU","EnergyWise for Your Business","Worksheet (Excel/PDF) emailed to EnergyExperts@SC.DominionEnergyAccount.com for pre-approval; install after pre-approval letter; return signed letter with invoices","no","yes","Custom: application with supporting documentation; possible project site inspection; metering duration not stated on fetched pages","Retrofit: up to 50% of material and labor; New construction: up to 75% of incremental cost vs code; Building Tune-Up: up to $0.25/sq ft conditioned space, up to 75% of project cost; System Optimization: $0.10/kWh reduced, up to 75% of project cost; per press release, per-project-type annual cap raised from $100,000 to $150,000 (2025)","Advanced rooftop controls $350/unit; guest room controls $100/unit; unitary/split AC and HP $15-$125/ton; VFDs $50-$75/HP; chillers $10-$39/ton; PTAC/PTHP $20-$60/unit; window film $1/sq ft; cool roof $0.10/sq ft. Small Business Energy Solutions (<=350,000 kWh/yr, <=5 accounts) pays up to 90% of lighting and HVAC measure cost",,"Incentives increased in 2025 and expanded again for a limited time in 2026 per Dominion press releases; annual per-project-type caps","https://www.dominionenergy.com/south-carolina/save-energy/custom-incentives | https://www.dominionenergy.com/south-carolina/save-energy/hvac-incentives | https://news.dominionenergy.com/press-releases/press-releases/2025/Dominion-Energy-Increases-Incentives-for-EnergyWise-for-Your-Business-Program/default.aspx"
"South Carolina","SC","Santee Cooper (SC Public Service Authority)","muni","EmpowerBusiness - Commercial Prescriptive Rebate Program","PDF rebate application + HVAC Calculator emailed to commercial.energy@santeecooper.com (or mail); Trade Ally portal at empowerSC4business.com","no","no","Prescriptive only - no custom M&V program. Pre-qualification of HVAC measures NOT required (install first, then apply). Post-installation inspection at Santee Cooper's discretion; QC site visits/temporary monitoring possible up to 2 years after completion. Retrofit LIGHTING (only) requires as-planned workbook + pre-inspection before work","No custom program; 3-phase split/packaged unitary systems paid $0.30/kWh saved vs code baseline (computed in Santee Cooper HVAC Calculator); all rebates capped at 50% of eligible project cost; $200,000/facility/year prescriptive cap, $300,000 all-programs cap","HVAC Controls deemed measures: Advanced Rooftop Controls $580/system, Demand Controlled Ventilation $550/system, Dual Enthalpy Economizer $150/system; single-phase HP $300-$400/system; 3-phase unitary $0.30/kWh saved; VRF AC $250/ton; VFD for HVAC $50/HP; water-source HP $200/unit; smart thermostat $50; hotel key-card EMS","Rebates issued upon verified completion of requirements; specific days not stated","Program year Dec 1, 2025 - Nov 30, 2026; first-come first-served subject to available funding; applications due by Nov 30 of the year the project starts; waiting list if funds exhausted","https://www.santeecooper.com/Programs-Incentives/EmpowerBusiness/_pdfs/Commercial-Prescriptive-Program-Manual.pdf | https://www.santeecooper.com/programs-incentives/empowerbusiness/"
"South Dakota","SD","Black Hills Energy (Black Hills Power)","IOU","2026 Commercial Prescriptive Program (South Dakota / Northeast Wyoming) + Commercial Custom Rebate Program","Online portal (bhpciprescriptive.customerapplication.com) or PDF form mailed/emailed to brian.munsell@blackhillsenergy.com; post-installation submission","no","no","Prescriptive: none (itemized invoice + spec sheets, utility may inspect). Custom: application with approval before rebate check; no metering duration published",,"AC $35/ton (all size classes, e.g. 15 SEER/12.5 EER <65 kBtuh, 13.8 IEER 65-135 kBtuh); air source heat pump $50/ton; PTAC/PTHP $100/ton; water source HP $50/ton; air-cooled chiller $50/ton; small commercial smart thermostat $75 (packaged units <=5 tons, single zone); HVAC demand control ventilation $500; guest room energy mgmt controls $125; VFD fan/pump $100/HP","7-10 business days for application response (2026 form); check by mail","Calendar year (install and apply Jan 1 - Dec 31, 2026); 'FUNDING FOR THESE REBATES IS LIMITED... FIRST-COME, FIRST-SERVED'; $5,000 cap per facility/building per program year; ~75,000 SD electric customers","https://www.blackhillsenergy.com/sites/blackhillsenergy.com/files/BHP-2026-SD-Commercial-Prescriptive-Form.pdf | https://www.blackhillsenergy.com/efficiency-and-savings/commercial-rebates/commercial-rebates-south-dakota-and-weston-county-wyoming"
"South Dakota","SD","Otter Tail Power Company","IOU","South Dakota Energy Efficiency Partnership (EEP) + off-peak/load-management rebates + Custom Efficiency Project Grants","PDF Customer Rebate Application emailed to rebates@otpco.com or mailed (Fergus Falls, MN); contractor typically prepares","recommended","above_threshold","Prescriptive: AHRI certificate/spec sheets + invoice. Custom Efficiency Project Grants: 'Thorough documentation is required for proper evaluation prior to approval'; grants based on kWh saved, kW reduced, and project cost; no metering duration published. Energy-control projects >=$10,000 require preapproval and payback evaluation (min 1-year payback)","Custom grants calculated from kWh saved/kW reduced/project cost (rate not published); all EEP rebates capped at 75% of project cost (geothermal capped at 50%); incentives for grant projects may be capped","Standard ASHP $300/ton (>=14.3 SEER2/7.5 HSPF2); cold-climate HP $500/ton ductless, $700/ton ducted; ENERGY STAR AC $100/unit; geothermal commercial $900/ton; +$100/ton on Dual Fuel/RDC control rates; quality installation adder $200/ton HP, $50/unit AC; ASD $10/HP (HVAC centrifugal); ECM retrofits $15-$175; lighting preapproval required above $4,500","'Allow eight weeks for rebates to process' (2025 guide)","Annual program guide (2025 edition reviewed; 2026 forms posted); 'Funding limitations apply'; programs changeable without notice","https://www.otpco.com/media/pv4pgqyt/2025-program-and-services-guide_final.pdf | https://www.otpco.com/ways-to-save/programs/rebates-commercial/"
"South Dakota","SD","Xcel Energy (Northern States Power - SD, Sioux Falls area)","IOU","South Dakota Lighting Efficiency (retrofit + new construction) - lighting only; no SD commercial HVAC rebate program found","PDF applications (SD Lighting Retrofit / New Construction forms) or Xcel digital application portal","no","unknown",,,,"Rebate checks usually 6-8 weeks after application processed (SD lighting program)",,"https://www.xcelenergy.com/staticfiles/xe-responsive/Business%20Programs%20&%20Rebates/Lighting/17-9159%20(02-24)%2021-12-518_SD_LightingRetrofit_App%20%20Invoices%20dates%202024%20or%20later%20020524.pdf | https://sd.my.xcelenergy.com/s/"
"South Dakota","SD","NorthWestern Energy (eastern SD electric)","IOU",,,"unknown","unknown",,,,,,"https://www.northwesternenergy.com/account-services/for-business/energy-efficiency-for-business/rebates-incentives"
"South Dakota","SD","Sioux Valley Energy (largest SD distribution co-op; East River/Basin Electric G&T family)","co-op","Programs & Rebates (residential/farm focus; commercial-industrial rebates handled member-by-member via Energy Services)","Online rebate forms with invoice, or call Energy Services (800) 234-1960","no","unknown",,,"Residential-class: air-to-air heat pump (2+ ton) $1,200 with electric backup / $600 non-electric backup; geothermal $1,200; ductless ASHP $300/account; load-management electric heat rate 7.45 cents/kWh vs 12.81 standard. Similar co-ops: Southeastern Electric ASHP $600, GSHP $800, mini-split $300, heat rate $0.0738/kWh",,,"https://www.siouxvalleyenergy.com/programs-and-rebates | https://southeasternelectric.com/member-rebates-incentives/heat-pumps/"
"Tennessee","TN","TVA EnergyRight (Tennessee Valley Authority)","statewide administrator","TVA EnergyRight Business & Industry Incentives","Online Application via energyright.com (contractor/Preferred Partner typically submits; TVABusinessIncentive@tva.gov support line 866-233-0450)","recommended","above_threshold","Custom projects: energy-savings calculations must be submitted with application; depending on magnitude/complexity a project 'may be subject to measurement and verification which could require metering efforts or submission of properly calibrated simulation models,' plus pre- and post-installation inspections. No metering duration (7-day/30-day) is published.","$0.18/kWh on first-year energy savings; capped at 70% of material cost; $3,000,000 max per organization per TVA fiscal year; $1,500 minimum custom incentive","Unitary AC/HP $80/ton (standard) and $175/ton (advanced tier); air-cooled chillers $200/ton; VRF/dual-fuel HP $250/ton; GSHP $1,000/ton; thermal ice storage $9-$11/ton-hour; VSDs $100/hp; commissioning $0.05/kWh. Standard HVAC equipment needs NO pre-approval and can be applied for up to 6 months after installation. No prescriptive RTU-controls or commercial tune-up measure.",,"TVA fiscal year October-September; all incentives 'subject to the approval of TVA and your local power company and available funding'; periodic bonus rounds (e.g., 15% bonus through 12/31/2025) run 'while funding lasts'","https://energyright.com/business-industry/incentives/hvac/ | https://energyright.com/business-industry/incentives/ | https://energyright.com/wp-content/uploads/2025/07/FAQs-Incentive-Rules-and-Guidelines_July-2025-1.pdf"
"Tennessee","TN","Memphis Light, Gas and Water (MLGW)","muni","Commercial Efficiency Advice and Incentives (delivered with TVA EnergyRight)","TVA EnergyRight online application; MLGW Business Solutions Center (901-528-4270) as local channel","recommended","above_threshold","Follows TVA EnergyRight custom rules (calculations with application; metering or calibrated simulation possible on larger custom projects)","TVA rate applies ($0.18/kWh first-year savings, 70% of material cost cap)","TVA B&I list (chillers, heat pumps, central AC, programmable thermostats, refrigeration, lighting); Small Business Lighting covers up to 70% of LED upgrade cost",,"TVA fiscal year (Oct-Sep)","https://www.mlgw.com/commercial/energysavingtoolsincentives"
"Tennessee","TN","Nashville Electric Service (NES)","muni","NES Business Solutions (TVA EnergyRight incentives)","TVA EnergyRight online application; NES/TVA line (866) 233-0450","recommended","above_threshold","Follows TVA EnergyRight custom rules","TVA rate applies ($0.18/kWh first-year savings; capped 70% of material cost, $3M/org/fiscal year)","HVAC, LED lighting, thermal ice storage, UVGI, electric forklifts, custom projects; free on-site assessment for >=1 MW customers",,"TVA fiscal year (Oct-Sep)","https://www.nespower.com/programs-and-services/business-solutions/"
"Tennessee","TN","EPB (Chattanooga)","muni","EPB Energy Pros for Business / Business Energy Incentives (with TVA EnergyRight)","EPB Energy Pros concierge + TVA EnergyRight online application","recommended","above_threshold","Follows TVA custom rules; EPB explicitly markets custom rebates for 'optimizing chillers, upgrading control systems or modernizing HVAC'","Up to $0.18/kWh based on first-year energy savings","TVA B&I HVAC $/ton tiers; thermal ice storage strategy promoted",,"TVA fiscal year (Oct-Sep)","https://business.epb.com/energy/incentives/"
"Texas","TX","Oncor Electric Delivery","IOU","Commercial Standard Offer Program (CSOP)","EEPM online portal (eepm.oncor.com); service provider (contractor) registers and submits all applications through 4 phases: Initial Application, Final Application, Installation Notice, Savings Report","yes","yes","Deemed pathway uses TRM Vol 3 values (no metering). M&V pathway allowed at Oncor's sole discretion for non-deemed measures, minimum M&V project incentive $10,000; Oncor engineering review of scope and M&V plan required before approval; pre-measurement data review after pre-inspection and post-measurement data review after post-inspection (metering duration not stated in manual). Measures installed before pre-inspection are cancelled with no payment.","Fixed standard-offer $/kW + $/kWh NPV rates (2026 kickoff deck): DX AC/heat pump $294.79/kW + $0.095/kWh; chillers up to $387.81/kW + $0.125/kWh. Cap: never more than 50% of total project cost; +15% adder for sites outside the 5-county Metroplex; $500 min deemed project, $10,000 min M&V project; no provider >20% of program budget","Deemed: high-efficiency DX AC/HP, PTAC, VRF, geothermal, chillers, condenser evaporative pre-cooling, data-center AC, lodging guest-room setback controls ($80/room), vending machine controls. EXPLICITLY EXCLUDED: measures achieving savings through maintenance, commissioning, operational changes or controls without an equipment efficiency upgrade","Single check mailed after project completion, post-inspection, and approval of the signed Savings Report (serves as invoice); inspections can take up to 2 weeks each; no fixed day-count published","Calendar program year; 2026 Commercial SOP incentive budget $4,925,481 (~$1.9M consumed by 2025 rollover projects); first-come first-served with waitlist when funds fully reserved; applications accepted until ~Nov 15 or fund exhaustion","https://www.oncor.com/content/dam/oncorwww/eepm/documents/commercial-resources/2025/2025%20CSOP%20Program%20Manual%20-%20January222025.pdf.coredownload.pdf | https://www.oncor.com/content/dam/oncorwww/eepm/documents/commercial-resources/2026/2026_COMM_KICKOFF_01_15_2026_FINAL.pdf.coredownload.pdf"
"Texas","TX","CenterPoint Energy Houston Electric","IOU","Commercial & Industrial Standard Offer Program (C&I SOP); also SCORE/CitySmart SOP for schools, governments, nonprofits","Project sponsor (contractor) applies via CenterPoint's program portal (cnpres.programprocessing.com / eeprograms.net administered by CLEAResult); customer cannot apply directly for SOP","yes","yes","Incentives paid on verified demand/energy savings after post-installation inspection; deemed savings per Texas TRM for listed measures; metering duration for custom measures not stated on fetched pages","C&I SOP: $175/kW reduction + $0.060/kWh saved (third-party EDC summary; program-year rate sheet behind portal). SCORE/CitySmart published measure rates include DX HVAC $317/kW + $0.11/kWh, chiller $374/kW + $0.11/kWh (2026 third-party summary)","DX/chiller replacement, motors, VFDs, window film, roofing per SCORE/CitySmart measure list; demand savings valued on summer peak window (1-7 p.m. Jun-Sep)","Incentives paid after project completion and equipment inspection; no day-count published","Annual program year budgets; fund availability not published on fetched pages","https://www.centerpointenergy.com/en-us/SaveEnergyandMoney/Pages/score-city-smart-programs.aspx?sa=ho&au=bus | https://www.katyedc.org/business-retention-and-expansion/incentives/p/item/1580/centerpoint-energycommercial-and-industrial-standard-offer-program"
"Texas","TX","AEP Texas (Central + North)","IOU","Commercial Standard Offer Program (CSOP); plus CoolSaver A/C Tune-Up program (commercial and residential, CLEAResult-administered)","Contractor web portal at aeptxsaves.com/contractor-portal: sponsor registers, creates profile, uploads documents, creates and submits projects","yes","yes","Three explicit pathways: 'Deemed, Simple M&V, and Full M&V' with increasing rigor; sponsors create their own M&V plans; project applications must be pre-approved before incentives are reserved; metering durations not published on fetched page",,"High-efficiency AC/HP above code minimum, electric chillers, supply-fan VFDs, programmable thermostats; CoolSaver commercial AC tune-ups (TRM NR-HV-TU deemed measure)","Paid post-inspection to applicant or customer; no day-count published","Annual; 'program funding is limited' and reserved at pre-approval, first-come first-served","https://aeptxsaves.com/commercial-programs/commercial-standard-offer/ | https://aeptxsaves.com/contractor-portal/"
"Texas","TX","Texas-New Mexico Power (TNMP)","IOU","Commercial Market Transformation Program (COMPASS umbrella; formerly Commercial Solutions SOP)","Online project submission form (Jotform) via tnmp.com; incentives paid to approved contractors ('Project Sponsors'); free energy assessments offered","yes","unknown","Custom projects allowed with 'varied incentive value'; verification details not published on fetched page","$400 per kW saved or $0.105 per kWh saved annually (published on TNMP large-commercial page); values subject to change at program discretion","HVAC, chillers, VFDs, motors, envelope, roofing, LED lighting, solar PV, custom measures",,,"https://tnmp.com/energy-efficiency/commercial/large"
"Utah","UT","Rocky Mountain Power (PacifiCorp)","IOU","Wattsmart Business","Incentive application package (application + supplement + W-9) obtained from RMP or a Wattsmart Business Trade Ally and submitted to program administrator (Evergreen Energy Partners for commercial, Cascade Energy for industrial/ag); lighting uses a calculator tool; midstream distributor channel exists for some lighting/HVAC equipment","recommended","no","Custom Analysis channel for measures not on incentive lists; savings 'subject to approval and offered at Rocky Mountain Power's discretion'; ongoing installation inspections by administrator; metering duration not stated in fetched documents. Whole-building meter-based performance incentive ($0.05/kWh, $75,000 max) uses meter-based verification capped at 110% of modeled savings","Measure-specific calculated rates: $0.30/kWh annual savings (chillers), $0.15/kWh (IDEC, window film, adaptive refrigeration control, DCKV, VFD compressor, heat recovery, etc.); general cap 70% of energy efficiency project cost and incentive cannot reduce simple payback below 1 year; SMBE lighting capped at 75%; ARC capped at 100% of measure cost","Advanced Rooftop Unit Control (retrofit gas-fired RTU): $500 (<5 ton) to $4,500 (>20 ton); retrofit heat-pump RTU: $500 to $6,500; new RTU: $400-$2,800; DCV-only: $300-$800. Unitary commercial AC $50-$100/ton (CEE Tier 1-3); air-cooled HP upgrade $120/ton, conversion $300/ton; VRF $1,000/indoor head. HVAC Check-Up: $75/RTU 3-yr maintenance agreement, $150/thermostat, $150/RTU economizer repair, $35/ton proper refrigerant charge (capped at 70% of measure cost, must use approved HVAC Check-up trade allies; free initial assessment). Evaporative pre-cooler $75/ton","Incentive check within 45 days of project completion (per RMP Utah HVAC page)","Annual program year under Utah PSC-approved Schedule 140 tariff; program restructured effective 7/11/2025; no fund-exhaustion behavior documented","https://www.rockymountainpower.net/content/dam/pcorp/documents/en/rockymountainpower/savings-energy-choices/wattsmart-business/utah/UT_wattsmart_Business_Incentive_Lists.pdf | https://www.rockymountainpower.net/savings-energy-choices/business/wattsmart-efficiency-incentives-utah/ut-incentive-lists/ut-hvac.html | https://www.pacificorp.com/content/dam/pcorp/documents/en/pacificorp/environment/dsm/utah/UT_Program_Administration_Non_Residential_25..pdf"
"Utah","UT","Provo City Power","muni",,"RenewChoice online platform (renewchoice.com) for all rebate programs","unknown","unknown",,,"Conserve program covers energy-efficient heat pump and water heater upgrades (residential-oriented); no commercial HVAC rebate program documented",,,"https://www.provo.gov/1182/Programs-and-Rebates | https://renewchoice.com/programs/conserve/"
"Virginia","VA","Dominion Energy Virginia","IOU","Non-Residential portfolio (domsavings.com): Prescriptive Enhanced Program Bundle, Small Business Improvement Enhanced, Building Automation, Building Optimization, Commercial Equipment Distributors (EE Midstream), Lighting Systems & Controls, New Construction, Agriculture, Data Server Rooms","Approved participating contractor submits rebate application on customer's behalf after an initial assessment reserves funding (Honeywell-administered; NRHVAC@Honeywell.com / SBIrebateapps@Honeywell.com); eligibility form online at domsavings.com; contractor portal dom-vendor.com","yes","yes",,,"Prescriptive Enhanced Program Bundle: HVAC tune-ups for AC/heat pumps/chillers, duct testing and sealing, high-efficiency fan motors, advanced controls, unitary system upgrades, refrigeration controls; Small Business Improvement (<=200 kW demand): tune-ups, VFDs, economizers, programmable/smart thermostats, mini-splits, plus free direct-install measures. Dollar amounts are only published in program Terms & Conditions, not on the public pages.","Up to 90 days from the date all required information is received","Demand-constrained: 2025 participation offered 'on a limited basis' with a waitlist for 2026 participation; contractor network still being built/trained for some bundles","https://www.domsavings.com/ | https://domsavings.com/general-programs/heating-cooling-efficiency-virginia/ | https://www.domsavings.com/business-program/small-business-improvement | https://www.dom-vendor.com/programs"
"Virginia","VA","Appalachian Power (AEP - TakeCharge VA)","IOU","Business Energy Solutions; Small Business Direct Install; Custom Program (projects saving minimum 50,000 kWh/yr)","Online application portal (businessenergysolutions.takechargesavingsgateway.com, TRC-administered) to submit and track applications; contractor directory on takechargeva.com","yes","unknown","Custom Program requires minimum 50,000 kWh/yr verified savings; metering duration not published on public pages",,"Business Energy Solutions covers HVAC and other non-lighting equipment with cash incentives capped at $100,000 lighting + $100,000 non-lighting ($200,000 total per business); per-measure HVAC amounts are in the incentive guide PDF, not on the public page",,"Applications due within 90 days of installation or by Jan 31 of the following year, whichever is first (per 2025-2026 program cycle)","https://takechargeva.com/programs/for-your-business/business-energy-solutions | https://virginiabusiness.com/apco-va-ci/ | https://takechargeva.com/rebates"
"Virginia","VA","Rappahannock Electric Cooperative","co-op",,,"unknown","unknown",,,,,,"https://www.myrec.coop/save-energy"
"Virginia","VA","Northern Virginia Electric Cooperative (NOVEC)","co-op",,,"unknown","unknown",,,"No cash rebates found; NOVEC offers low-interest HVAC financing via a bank partnership and free commercial walk-through assessments rather than prescriptive rebates",,,"https://openei.org/wiki/Northern_Virginia_Electric_Cooperative_-_Residential_Energy_Efficiency_Finance_Program_(Virginia)"
"Vermont","VT","Efficiency Vermont (operated by VEIC)","statewide administrator","Efficiency Vermont Business rebates + Custom Project incentives","Post-installation rebate form submitted online at rebates.efficiencyvermont.com, or by mail/fax/email to Rebate Coordinator; custom projects initiated by phone/account manager (888-921-5990)","recommended","no",,"Standard custom rate not published; limited-time offer doubles the custom incentive with the additional bonus capped at $25,000 or 100% of total project cost (whichever is less) for projects completed by November 30, 2026","Rooftop Unit Controllers ($/HP of supply fan, 2-100 HP, must include supply-fan VFD); VFDs for HVAC fans/pumps $150-$200/HP (2-100 HP); ENERGY STAR smart thermostats up to $100; air-to-water heat pumps $1,000/ton; ground-source heat pumps up to $2,100/ton; ducted heat pump $1,200-$2,200 and ductless $500-$600 as instant discounts at participating locations; wood pellet boiler/furnace $6,000","Allow 60 calendar days for delivery of rebate payment (per rebate form terms)","Statutory Energy Efficiency Utility funded by the energy efficiency charge under PUC-approved multi-year demand resources plans; 2026 custom-doubling bonus runs through Nov 30, 2026 'or while funding lasts'","https://www.efficiencyvermont.com/Media/Default/docs/rebates/forms/efficiency-vermont-commercial-heating-ventilation-air-conditioning-rebate-form.pdf | https://www.efficiencyvermont.com/Media/Default/docs/trade-partners/technical-resources/EVT%20Business%20Offerings%202025%20Final.pdf | https://www.efficiencyvermont.com/rebates"
"Vermont","VT","Green Mountain Power","IOU","GMP Rebates & Programs (electrification rebates layered on Efficiency Vermont efficiency programs)","GMP online rebate forms at greenmountainpower.com; efficiency projects run through Efficiency Vermont","unknown","unknown",,"Geothermal custom project rebate reported at $1,800 per heating ton up to 10 tons (stacked with Efficiency Vermont $300/ton for $2,100/ton total) - from GMP program pages via search snippets, verify before quoting","Commercial ductless heat pump rebate reported at $400 per condenser; residential income bonus $2,000 per condenser at/below 80% AMI (search-snippet sourced)",,,"https://greenmountainpower.com/rebates-programs/business-innovation/heating-cooling/ | https://greenmountainpower.com/rebates-programs/"
"Vermont","VT","Burlington Electric Department","muni","BED Commercial Energy Efficiency (Burlington is its own PUC-appointed efficiency utility, separate from Efficiency Vermont)","Contact BED Energy Services (802-865-7362 / efficiency@burlingtonelectric.com); shared Efficiency Vermont rebate forms apply in Burlington with BED partnership branding","unknown","above_threshold",,,"Uses the joint Efficiency Vermont/BED HVAC rebate form; in Burlington, VFDs >10 HP (including within RTU controller projects) require BED pre-approval (802-865-7342). Also offers on-bill financing sized so savings exceed loan payment, and 'Building GIANTS' demand-response bill credits",,,"https://www.burlingtonelectric.com/commercial/ | https://www.burlingtonelectric.com/rebates"
"Vermont","VT","Vermont Electric Co-op","co-op","VEC Energy Transformation Program (Tier III electrification incentives; efficiency via Efficiency Vermont)","Point-of-purchase discount or rebate processed through Efficiency Vermont; VEC annual Energy Transformation Plan incentives","unknown","unknown",,"Custom incentive opportunities offered for members replacing fossil-fuel equipment (no published rate)","Heat pump incentives (ductless, ducted, air-to-water, ground-source, HPWH) delivered point-of-purchase or via Efficiency Vermont; $150/unit thermal-efficiency bonus credit for qualifying buildings (per VEC 2026 plan announcement via search)",,"Annual Energy Transformation Plan (2026 plan published)","https://vermontelectric.coop/energy-transformation-programs | https://vermontelectric.coop/latest-news/heres-a-rundown-on-vecs-2026-energy-transformation-incentives-01-21-26"
"Washington","WA","Puget Sound Energy","IOU","Business Incentives / Commercial Retrofit Grants (custom) + prescriptive HVAC rebates incl. Advanced Rooftop Controls","Prescriptive ARC: application form + itemized invoice + photos + W-9 emailed to commercialrebates@pse.com within 60 days of install. Custom: online retrofit grant application portal with supporting docs.","unknown","above_threshold","Custom grants sized by PSE Energy Management Engineer from projected annual savings; Major HVAC Controls Upgrade program pays a base incentive after installation plus a performance incentive after the system has run 10 months (min 5% verified savings). Metering duration for standard custom not published.","$0.45 per annual kWh / $8 per annual therm, up to 70% of eligible project costs (custom retrofit); custom O&M $0.10/kWh up to 100% of cost; Major HVAC controls upgrades up to 50% of project cost","Advanced Rooftop Controls: ARC-FULL $1,500 (5-<10 ton), $2,500 (10-20 ton), $4,500 (>20 ton) per unit; ARC-LITE $800/$1,000/$2,000; ARC-Single Phase <5 ton $500/unit (ECM or VFD+controller required). Packaged unitary only, no split systems, constant-speed supply fan, unit <=20 yrs old. Midstream commercial HVAC distributor discounts also offered.",,"Current rebate cycle documents expire Dec 31, 2026 (annual program year)","https://pse.com/business-incentives/commercial-hvac-upgrade-incentives/advanced-rooftop-controls | https://www.pse.com/en/business-incentives/commercial-retrofit-grants/custom-grants | https://www.pse.com/en/business-incentives/hvac-incentive-and-rebate-programs/major-hvac-controls-upgrade-rebates"
"Washington","WA","Seattle City Light","muni","Commercial & Industrial Retrofit Program (2026 Energy Conservation Incentives)","Online Commercial Retrofit Application; applicant then works with an assigned SCL Energy Management Analyst; Participation Agreement signed before install. Midstream HVAC+ available at participating distributors for equipment.","unknown","yes","Calculated savings reviewed/approved by SCL Energy Management Analyst before install; Pay for Performance and Existing Building Commissioning pathways pay on measured savings (EBCx phase 3 paid once savings exceed 7%). Metering duration for standard custom not stated.","$0.36/kWh first-year savings for most HVAC/custom measures (BAS programming $0.06/kWh; envelope $0.41-$0.46/kWh), capped at 70% of project cost; Pay for Performance $0.08/kWh (3-yr) or $0.18-$0.34/kWh (5-yr)","Advanced rooftop control: $120/$250/$500 per ton (single phase/lite/full, gas or electric). Also VSD on AHU fans $300/HP, PTHP $600/unit, heat pumps & VRF $0.36/kWh (electric-resistance baseline), DCV/BAS upgrades $0.36/kWh. Midstream HVAC+ distributor discounts for unitary HP/VRF equipment.",,"Calendar-year incentive sheet (2026, doc dated 02/25/2026); incentives subject to availability of funds","https://www.seattle.gov/documents/Departments/CityLight/CommercialRetrofitIncentives.pdf | https://www.seattle.gov/city-light/business-solutions"
"Washington","WA","Tacoma Power (Tacoma Public Utilities)","muni","Business Customer Energy Program (BCEP) - business rebates + custom retrofit incentives","Online Smartsheet form for equipment rebates with required-documents checklist; bid forms emailed to bizrebates@cityoftacoma.org for lighting/custom/new construction; free walk-through assessment offered.","no","yes",,"Custom retrofit projects up to 70% of project cost (rate basis $/kWh not published on rebate page)","Advanced Rooftop Controls on constant-volume RTUs advertised at up to 100% of total cost (per Tacoma-area search result - verify current sheet); ASHP $1,000/ton (electric-resistance retrofit) or $150/ton (upgrade); DHP $1,000/$300 per ton; PTHP $450/unit; connected thermostat $150 (electric heat)",,,"https://www.mytpu.org/ways-to-save/business-rebates/"
"Washington","WA","Snohomish County PUD","muni","Business Rebates & Incentives / Building Efficiency (ARC + custom)","New online Rebate Portal for most programs; ARC (ARC-Full and ARC-Lite) requires completing a workbook spreadsheet; custom projects go through PUD energy engineers.","unknown","yes",,"Custom equipment $0.35/kWh; controls $0.20/kWh up to 70% of total retrofit project cost; O&M $0.20/kWh up to 70% of cost; new installation 25% of equipment cost","Advanced Rooftop Unit Controllers (ARC-Full and ARC-Lite) offered via workbook on Building Efficiency page; specific $/ton amounts not published on the page fetched",,"""Incentive rates and programs may change without notice. Funding is limited.""","https://www.snopud.com/save-energy/business/rebates/equipment/ | https://www.snopud.com/save-energy/business/rebates/rebate-portal/"
"Washington","WA","Avista Utilities (WA)","IOU","Business rebates Washington - prescriptive + Site-Specific (custom) incentives","Contact Avista account executive / submit site-specific project worksheets; small-commercial HVAC handled under home-and-small-commercial prescriptive forms. No online custom portal identified.","unknown","yes","Must contact Avista before purchasing equipment; incentives not paid on projects already under construction. Minimum 10-year measure life; projects with >15-year simple payback get $0. Metering duration not stated.","Site-specific: $0.26 per first-year kWh saved / $3.50 per first-year therm, capped at 70% of incremental project cost (payback must be under 15 years)","HVAC and water-heating prescriptive rebates exist for small commercial; specific RTU-controls amounts not published on pages fetched",,,"https://www.myavista.com/energy-savings/energy-saving-programs-services-for-your-business/rebates-washington"
"Wisconsin","WI","Focus on Energy (statewide program of Wisconsin utilities)","statewide administrator","Focus on Energy Business Incentives (2026 Summary of Services & Rebates for Businesses; standard rebate catalogs + Custom Incentive program)","PDF form + email (business@focusonenergy.com) or mail to Chippewa Falls office; Energy Advisor shepherds custom projects; payment lookup at portal.wisfocus.com; residential instant discounts flow midstream through distributors","recommended","above_threshold","Custom: Focus on Energy reviews/completes the savings calculation and is solely responsible for final savings determination; documentation includes proposals, spec sheets, historical utility data (utility release form may be required); a site visit for installation verification may be required before payment. No specific pre/post metering duration (e.g., 7-day or 30-day) is stated in the 2026 Custom Incentive Guide.","$0.08/kWh saved + $100/peak summer kW + $1.25/therm (1-10 yr payback measures); capped at the lesser of $300,000, 50% of project cost, or a one-year buy-down of payback. Low Payback (<1 yr) projects: $0.02/kWh, $0.20/therm, capped at lesser of $50,000 or 100% of cost. $400,000/customer/calendar-year all-in cap.","Advanced RTU Controllers $125/Ton (retrofit only); A/C split/packaged/ASHP >=5.42 tons $30-$40/Ton base + $5/Ton per 1.0 IEER above minimum; A/C <5.42 tons $75-$200/unit; DCV $0.50/CFM OA reduced or $650/single-zone RTU-AHU; smart thermostat $50; ECM HVAC fan motors $75/motor; VFD $55/hp; roof insulation $0.15-$0.30/ft2; retrocommissioning $0.06-$0.18/ft2; Building Performance Optimization $500/measure","Custom: incentive check issued within 6-10 weeks after receipt of all completion documentation. Standard rebate payment timeline not stated in fetched documents.","Calendar-year program (products purchased/installed Jan 1 - Dec 31, 2026; standard applications due within 60 days of install, no later than Jan 31, 2027). Pre-approval 'encouraged for all standard rebates >$10,000 to guarantee funding' - implies funds are reservation-based. Custom rates locked in at pre-approval; funding reserved when Incentive Agreement is issued; 65 days to sign IA. Rebate rates increased in 2026.","https://assets.focusonenergy.com/production/docs/business/BI-Summary-of-Services-and-Incentives-2026.pdf | https://assets.focusonenergy.com/production/docs/business/Focus-2026_Custom_Incentives_Guide_Fillable.pdf | https://focusonenergy.com/business/rebates"
"Wisconsin","WI","We Energies (Wisconsin Electric Power Co.)","IOU","Delivered via Focus on Energy (participating utility); no separate commercial EE rebate program","Same as Focus on Energy (PDF form + email; Energy Advisor for custom)","recommended","above_threshold",,,,,,"https://focusonenergy.com/utilities"
"Wisconsin","WI","Alliant Energy (Wisconsin Power & Light)","IOU","Delivered via Focus on Energy (participating utility)","Same as Focus on Energy","recommended","above_threshold",,,,,,"https://focusonenergy.com/utilities"
"Wisconsin","WI","Wisconsin Public Service (WPS)","IOU","Delivered via Focus on Energy (participating utility)","Same as Focus on Energy","recommended","above_threshold",,,,,,"https://focusonenergy.com/utilities"
"Wisconsin","WI","Madison Gas & Electric (MGE) and Xcel Energy (Northern States Power-Wisconsin)","IOU","Both delivered via Focus on Energy (participating utilities); many munis and co-ops (e.g., Manitowoc Public Utilities, Marshfield Utilities, Adams-Columbia, Rock Energy Cooperative) also participate","Same as Focus on Energy","recommended","above_threshold",,,,,,"https://focusonenergy.com/utilities"
"West Virginia","WV","Appalachian Power (AEP; incl. Wheeling Power territory) - TakeCharge WV","IOU","TakeCharge WV - Small Business Direct Install Program (only active business EE program listed on TakeCharge WV as of mid-2026)","Online portal: wvsmallbusinessdi.takechargesavingsgateway.com (starts with a Quick Energy Check-Up assessment); implementer is TRC Companies (WestVirginiaTakeCharge@trccompanies.com, 1-855-242-6645)","yes","unknown",,"Historical only: AEP/APCo Custom C&I program (2014 news release) paid 7-10 cents/kWh saved, up to 80% of project cost, $150,000/account/year cap, min 125 kW avg monthly demand, min 1-year payback, mandatory pre-approval. Current TakeCharge WV site does NOT list a custom C&I program - current availability unverified.","None found for commercial. SBDI covers lighting/occupancy sensors via direct install; no advanced RTU controls, unitary $/ton, or tune-up measures documented on TakeCharge WV business pages.",,"Historical custom program was first-come first-served subject to fund availability; current SBDI budget cycle not published","https://takechargewv.com/programs/for-your-business/small-business-direct-install-program | https://takechargewv.com/ | https://www.aeptexas.com/company/news/view?releaseID=2974 | https://takechargewv.com/resource/frequently-asked-questions"
"West Virginia","WV","Mon Power & Potomac Edison (FirstEnergy)","IOU",,,"unknown","unknown",,,,,"FirstEnergy's WV page states 'Our energy efficiency programs are no longer available' - no commercial or residential rebate programs; only free online Energy Analyzer tools and bill assistance","https://www.firstenergycorp.com/save_energy/save_energy_west_virginia.html"
"West Virginia","WV","West Virginia Office of Energy (IRA Home Energy Rebates administrator)","statewide administrator",,"Not yet open - email sign-up for launch notification only; contractors must complete Certified Energy Contractor training to join a closed approved-provider network","yes","unknown","HOMES is performance/whole-home-retrofit based (modeled or measured savings); details not yet published",,,,"$88M DOE funding secured ($44.3M HOMES / $44M HEAR per trackers); DOE approval Jan 2025; state consumer alert says programs 'are NOT yet available' as of mid-2026","https://energywv.org/funding-opportunities/home-energy-rebate-programs/"
"Wyoming","WY","Rocky Mountain Power (PacifiCorp)","IOU","Wattsmart Business - Wyoming","Online portal at wattsmartbusiness.com/apply; incentive application package submitted with IRS Form W-9 (customer or Trade Ally can submit)","recommended","no","Custom/calculated measures: energy savings and project costs 'subject to approval by Rocky Mountain Power'; no metering duration published in the incentive catalog. Prescriptive/deemed measures need no M&V.","$0.15/kWh annual energy savings (+$50/kW average monthly demand savings on some measures, e.g. IDEC/evap); $0.10/kWh for refrigeration controls, compressed air, irrigation VFD; $0.05/kWh custom lighting. Capped at 70% of energy efficiency project cost; incentives cannot reduce simple payback below 1 year.","Advanced Rooftop Unit Control retrofit (gas-fired RTU): $500 (<5 tons) to $4,500 (>20 tons); retrofit heat-pump RTU $500-$6,500; DCV-only $300-$800. Unitary commercial AC $25-$75/ton (CEE tiers); VRF $125/ton; HVAC fan/pump VFD $200/hp; roof/attic insulation $0.20/sqft and wall insulation $0.15/sqft retrofit; evap pre-cooler $75/ton.","Incentive check within 45 days of submitting completed application package (HVAC page)","Wyoming 2024-2026 DSM Plan; program updates effective 10/24/2025 trimmed lighting and removed Green Motor Rewinds; no fund-exhaustion notice posted","https://www.rockymountainpower.net/content/dam/pcorp/documents/en/rockymountainpower/savings-energy-choices/wattsmart-business/wyoming/WY_wattsmart_Business_HVAC_Equipment_Controls_Incentives.pdf | https://www.rockymountainpower.net/content/dam/pcorp/documents/en/rockymountainpower/savings-energy-choices/wattsmart-business/wyoming/WY_wattsmart_Business_Incentive_Lists.pdf | https://www.rockymountainpower.net/savings-energy-choices/business/wattsmart-efficiency-incentives-wyoming/wy-incentive-lists/wy-hvac.html"
"Wyoming","WY","Black Hills Energy (Cheyenne Light - Laramie County electric; also WY gas)","IOU","SUSPENDED - former commercial rebate / custom rebate / Small Business Direct Install programs ended 12/31/2025","null - programs suspended; only Ready EV charging rebate remains active","unknown","unknown",,,,,"All efficiency rebates suspended as of 1/1/2026; BHE asked the Wyoming PSC to dismiss its 2026 DSM/EE plan application and will redesign programs after public workshops - no restart date","https://www.blackhillsenergy.com/efficiency-and-savings/commercial-rebates/cheyenne-electric-laramie-county-commercial-rebates"
"Wyoming","WY","Lower Valley Energy (Jackson/Star Valley)","co-op","Commercial Conservation Programs (BPA-funded)","PDF Commercial General Application form with invoices/documentation, submitted to LVE Conservation Dept (Conservation@LVEnergy.com); contact before starting project","unknown","yes","BPA UES deemed measures; commercial lighting requires minimum 25% energy usage reduction, rebate based on kWh savings calculation; no metering duration published",,"Measure list includes Advanced Rooftop Unit Control, connected thermostats, VFDs on fans, DCKV, heat recovery ventilation (BPA-qualified); commercial air-source heat pump $900/ton retrofit / $160/ton upgrade; ductless heat pump $1,000/ton retrofit / $250/ton upgrade (electric-resistance-heated spaces only)",,"Ongoing BPA conservation funding; no exhaustion notice posted","https://www.lvenergy.com/energy-efficiency/conservation-commercial/"
